URL,title เดิม,ยาว,title ใหม่,ยาว,description เดิม,ยาว,สถานะเดิม,description ใหม่,ยาว,หมายเหตุ
https://www.xn--q3ca6cja3bzj.com/,หินอ่อน.com | SIAM STONE แผ่นหินอ่อน หินแกรนิต : Inspired by LnwShop.com (v2),77,หินอ่อน.com | SIAM STONE แผ่นหินอ่อน หินแกรนิต | หินอ่อน.com,60,แผ่นหินอ่อน หินแกรนิต ตัดตามขนาด จาก SIAM STONE โทร 065-567-8989 และ 062-559-9000 อีเมล siamstonesale@gmail.com,111,ซ้ำกับหน้าอื่น,ร้านหินอ่อนหินแกรนิตศรีนครินทร์ กรุงเทพฯ มีหินนำเข้าและในประเทศ ศิลาแลงกำแพงเพชร หญ้าเทียม พร้อมบริการตัด ขัด ติดตั้ง โทร 065-567-8989,134,
https://www.xn--q3ca6cja3bzj.com/aboutus,เกี่ยวกับเรา - หินอ่อน.com | SIAM STONE แผ่นหินอ่อน หินแกรนิต : Inspired by LnwShop.com (v2),92,เกี่ยวกับเรา | หินอ่อน.com,26,แผ่นหินอ่อน หินแกรนิต ตัดตามขนาด จาก SIAM STONE โทร 065-567-8989 และ 062-559-9000 อีเมล siamstonesale@gmail.com,111,ซ้ำกับหน้าอื่น,SIAM STONE ร้านหินอ่อนหินแกรนิตที่ถนนศรีนครินทร์ กรุงเทพฯ จำหน่ายหินนำเข้าและในประเทศ พร้อมบริการตัด ขัด และติดตั้งหน้างาน,122,
https://www.xn--q3ca6cja3bzj.com/article,บทความ - หินอ่อน.com | SIAM STONE แผ่นหินอ่อน หินแกรนิต : Inspired by LnwShop.com (v2),86,บทความ | หินอ่อน.com,20,แผ่นหินอ่อน หินแกรนิต ตัดตามขนาด จาก SIAM STONE โทร 065-567-8989 และ 062-559-9000 อีเมล siamstonesale@gmail.com,111,ซ้ำกับหน้าอื่น,รวมบทความเรื่องหินอ่อน หินแกรนิต และศิลาแลงจากSIAM STONE ศรีนครินทร์ กรุงเทพฯ วิธีเลือก วิธีดูแล และข้อควรระวังก่อนสั่ง เขียนจากประสบการณ์จริง,142,
https://www.xn--q3ca6cja3bzj.com/article/1/หินอ่อน-marble-ลักษณะ-คุณสมบัติที่คุณต้องรู้ก่อนใช้งาน,หินอ่อน Marble ลักษณะ คุณสมบัติที่คุณต้องรู้ก่อนใช้งาน - หินอ่อน.com | SIAM STONE แผ่นหินอ่อน หินแกรนิต : Inspired by LnwShop.com (v2),134,หินอ่อน Marble ลักษณะ คุณสมบัติที่คุณต้องรู้ก่ | หินอ่อน.com,60,"จะสร้างบ้าน จะสร้างเรือน ประกอบไปด้วย วัสดุอุปกรณืมากมาย ทั้ง อิฐ หิน ปูนทราย ใช้ทั้งเงิน ใช้ทั้งเวลามากมายเพื่อให้ได้ วิมานของเราที่เรียกว่า ""บ้าน""หน...",153,,หินอ่อน Marble ลักษณะ คุณสมบัติที่คุณต้องรู้ก่อนใช้งาน — บทความจากSIAM STONE ศรีนครินทร์ กรุงเทพฯ เขียนจากประสบการณ์หน้างานจริง,127,
https://www.xn--q3ca6cja3bzj.com/article/10/หินอ่อน-ที่มีชื่อเสียง-จากเมือง-volakas-ในประเทศกรีซ,หินอ่อน ที่มีชื่อเสียง จากเมือง Volakas ในประเทศกรีซ - หินอ่อน.com | SIAM STONE แผ่นหินอ่อน หินแกรนิต : Inspired by LnwShop.com (v2),132,หินอ่อน ที่มีชื่อเสียง จากเมือง Volakas | หินอ่อน.com,53,หินอ่อนที่มีชื่อเสียงจากเมือง Volakas ในประเทศกรีซ คือ หินอ่อนสีขาว Volakas (White Volakas Marble) เป็นหินอ่อนสีขาวที่มีความสวยงามและเรียบง่าย นิยมนำม...,153,,หินอ่อน ที่มีชื่อเสียง จากเมือง Volakas ในประเทศกรีซ — บทความจากSIAM STONE ศรีนครินทร์ กรุงเทพฯ เขียนจากประสบการณ์หน้างานจริง ไม่ใช่ข้อมูลที่คัดลอกต่อกันมา,155,
https://www.xn--q3ca6cja3bzj.com/article/11/บรรยายการสร้าง-วิหารพาเธนอน-วิหาร-หินอ่อน-แห่งกรีซ,บรรยายการสร้าง วิหารพาเธนอน วิหาร หินอ่อน แห่งกรีซ - หินอ่อน.com | SIAM STONE แผ่นหินอ่อน หินแกรนิต : Inspired by LnwShop.com (v2),130,บรรยายการสร้าง วิหารพาเธนอน วิหาร หินอ่อน | หินอ่อน.com,55,วิหารพาเธนอนเป็นวิหารหินอ่อนขนาดใหญ่ที่ตั้งอยู่บนเนินอะโครโพลิสในกรุงเอเธนส์ ประเทศกรีซ วิหารแห่งนี้สร้างขึ้นเพื่ออุทิศให้กับเทพีอธีนา เทพีแห่งปัญญา ส...,153,,บรรยายการสร้าง วิหารพาเธนอน วิหาร หินอ่อน แห่งกรีซ — บทความจากSIAM STONE ศรีนครินทร์ กรุงเทพฯ เขียนจากประสบการณ์หน้างานจริง ไม่ใช่ข้อมูลที่คัดลอกต่อกันมา,153,
https://www.xn--q3ca6cja3bzj.com/article/12/หินอ่อนสเตเทวอริโอ-statuario-marble-ราชางานแกะสลักหินอ่อน,หินอ่อนสเตเทวอริโอ (Statuario Marble) ราชางานแกะสลักหินอ่อน - หินอ่อน.com | SIAM STONE แผ่นหินอ่อน หินแกรนิต : Inspired by LnwShop.com (v2),139,หินอ่อนสเตเทวอริโอ (Statuario Marble) | หินอ่อน.com,51,หินอ่อนสเตเทวอริโอ (Statuario Marble) เป็นหินอ่อนสีขาวที่มีลวดลายคล้ายกับงาช้าง เกิดจากการที่หินปูน (Limestone) ที่ได้รับความร้อนและความดันมหาศาลใต้แผ...,153,,หินอ่อนสเตเทวอริโอ (Statuario Marble) ราชางานแกะสลักหินอ่อน — บทความจากSIAM STONE ศรีนครินทร์ กรุงเทพฯ เขียนจากประสบการณ์หน้างานจริง,132,
https://www.xn--q3ca6cja3bzj.com/article/13/หินอ่อนครีมามาร์ฟิล-crema-marfil-marble-เจ้าชายสีครีมแห่งหินอ่อนโลก,หินอ่อนครีมามาร์ฟิล (Crema Marfil Marble) เจ้าชายสีครีมแห่งหินอ่อนโลก - หินอ่อน.com | SIAM STONE แผ่นหินอ่อน หินแกรนิต : Inspired by LnwShop.com (v2),149,หินอ่อนครีมามาร์ฟิล (Crema Marfil Marble) | หินอ่อน.com,55,หินอ่อนครีมามาร์ฟิล (Crema Marfil Marble) เป็นหินอ่อนสีเบจครีมที่มีความสวยงามและหรูหรา เกิดจากการที่หินปูน (Limestone) ที่ได้รับความร้อนและความดันมหาศ...,153,,หินอ่อนครีมามาร์ฟิล (Crema Marfil Marble) เจ้าชายสีครีมแห่งหินอ่อนโลก — บทความจากSIAM STONE ศรีนครินทร์ กรุงเทพฯ เขียนจากประสบการณ์หน้างานจริง,142,
https://www.xn--q3ca6cja3bzj.com/article/14/ที่มา-หินอ่อน-com-ราชาแห่งหินอ่อน-ของประเทศไทย,"ที่มา ""หินอ่อน.com"" ราชาแห่งหินอ่อน ของประเทศไทย - หินอ่อน.com | SIAM STONE แผ่นหินอ่อน หินแกรนิต : Inspired by LnwShop.com (v2)",128,"ที่มา ""หินอ่อน.com"" ราชาแห่งหินอ่อน | หินอ่อน.com",49,หินอ่อนเป็นหนึ่งในวัสดุตกแต่งบ้านที่ได้รับความนิยมอย่างสูง ด้วยความสวยงาม หรูหรา และคงทนของมัน แต่การเลือกและใช้งานหินอ่อนให้เหมาะสมกับแต่ละพื้นที่นั้...,153,,ที่มา &quot;หินอ่อน.com&quot; ราชาแห่งหินอ่อน ของประเทศไทย — บทความจากSIAM STONE ศรีนครินทร์ กรุงเทพฯ เขียนจากประสบการณ์หน้างานจริง,131,
https://www.xn--q3ca6cja3bzj.com/article/15/วิธีทำความสะอาดและบำรุงรักษาหินอ่อนภายในบ้าน,วิธีทำความสะอาดและบำรุงรักษาหินอ่อนภายในบ้าน - หินอ่อน.com | SIAM STONE แผ่นหินอ่อน หินแกรนิต : Inspired by LnwShop.com (v2),124,วิธีทำความสะอาดและบำรุงรักษาหินอ่อนภายในบ้าน | หินอ่อน.com,58,หินอ่อนเป็นวัสดุธรรมชาติที่มีความสวยงามโดดเด่น แต่ก็มีความอ่อนไหวสูงและต้องการการดูแลรักษาที่พิถีพิถัน เพื่อให้หินอ่อนภายในบ้านของคุณคงความงดงามและคุณ...,153,,วิธีทำความสะอาดและบำรุงรักษาหินอ่อนภายในบ้าน — บทความจากSIAM STONE ศรีนครินทร์ กรุงเทพฯ เขียนจากประสบการณ์หน้างานจริง ไม่ใช่ข้อมูลที่คัดลอกต่อกันมา,147,
https://www.xn--q3ca6cja3bzj.com/article/16/หินอ่อนปูพื้นวัด,หินอ่อนปูพื้นวัด - หินอ่อน.com | SIAM STONE แผ่นหินอ่อน หินแกรนิต : Inspired by LnwShop.com (v2),96,หินอ่อนปูพื้นวัด บทความ | หินอ่อน.com,37,"หินอ่อน สร้างสรรค์ความงามสง่างามสู่พื้นที่ศักดิ์สิทธิ์ ""หินอ่อน"" วัสดุธรรมชาติที่ได้รับความนิยมมายาวนาน ด้วยลวดลายที่เป็นเอกลักษณ์ ความแข็งแกร่งทนทาน ...",153,,หินอ่อนปูพื้นวัด — บทความจากSIAM STONE ศรีนครินทร์ กรุงเทพฯ เขียนจากประสบการณ์หน้างานจริง ไม่ใช่ข้อมูลที่คัดลอกต่อกันมา,119,
https://www.xn--q3ca6cja3bzj.com/article/17/หินแกรนิต-ปูพื้นวัด,หินแกรนิต ปูพื้นวัด - หินอ่อน.com | SIAM STONE แผ่นหินอ่อน หินแกรนิต : Inspired by LnwShop.com (v2),99,หินแกรนิต ปูพื้นวัด | หินอ่อน.com,33,"แกรนิต สร้างความแข็งแกร่งคู่บุญ งดงามคู่ธรรม ""แกรนิต"" คือหินธรรมชาติที่ได้รับความนิยมอย่างสูงในการปูพื้นวัด ด้วยคุณสมบัติที่โดดเด่น ทั้งความแข็งแกร่งท...",153,,หินแกรนิต ปูพื้นวัด — บทความจากSIAM STONE ศรีนครินทร์ กรุงเทพฯ เขียนจากประสบการณ์หน้างานจริง ไม่ใช่ข้อมูลที่คัดลอกต่อกันมา,122,
https://www.xn--q3ca6cja3bzj.com/article/18/ลูกกรงหินอ่อน-ราวระเบียงกันตกที่สวยงาม,ลูกกรงหินอ่อน ราวระเบียงกันตกที่สวยงาม - หินอ่อน.com | SIAM STONE แผ่นหินอ่อน หินแกรนิต : Inspired by LnwShop.com (v2),118,ลูกกรงหินอ่อน ราวระเบียงกันตกที่สวยงาม | หินอ่อน.com,52,ลูกกรงหินอ่อน: สร้างความสง่างามและปลอดภัยให้ระเบียงของคุณ ความงามเหนือกาลเวลา: ลูกกรงหินอ่อนไม่เพียงแต่เพิ่มความปลอดภัยให้กับระเบียงของคุณเท่านั้น แต่...,153,,ลูกกรงหินอ่อน ราวระเบียงกันตกที่สวยงาม — บทความจากSIAM STONE ศรีนครินทร์ กรุงเทพฯ เขียนจากประสบการณ์หน้างานจริง ไม่ใช่ข้อมูลที่คัดลอกต่อกันมา,141,
https://www.xn--q3ca6cja3bzj.com/article/19/หินอ่อน-ปูพื้นภายในบ้าน,หินอ่อน ปูพื้นภายในบ้าน - หินอ่อน.com | SIAM STONE แผ่นหินอ่อน หินแกรนิต : Inspired by LnwShop.com (v2),103,หินอ่อน ปูพื้นภายในบ้าน | หินอ่อน.com,37,"หินอ่อน: สัมผัสแห่งความหรูหรา สร้างสรรค์พื้นที่อยู่อาศัยในฝัน ""หินอ่อน"" วัสดุธรรมชาติที่ได้รับการยกย่องในเรื่องความงามและความสง่างามมาอย่างยาวนาน ด้วย...",153,,หินอ่อน ปูพื้นภายในบ้าน — บทความจากSIAM STONE ศรีนครินทร์ กรุงเทพฯ เขียนจากประสบการณ์หน้างานจริง ไม่ใช่ข้อมูลที่คัดลอกต่อกันมา,126,
https://www.xn--q3ca6cja3bzj.com/article/2/หินอ่อนที่ดี-ควรมีลักษณะอย่างไร,หินอ่อนที่ดี ควรมีลักษณะอย่างไร - หินอ่อน.com | SIAM STONE แผ่นหินอ่อน หินแกรนิต : Inspired by LnwShop.com (v2),111,หินอ่อนที่ดี ควรมีลักษณะอย่างไร | หินอ่อน.com,45,หินอ่อนที่ดีควรมีลักษณะดังต่อไปนี้ สีสันและลวดลาย ควรเป็นสีสันและลวดลายที่สวยงาม โดดเด่น มีเอกลักษณ์เฉพาะตัว และเข้ากับสไตล์การตกแต่งที่ต้องการ ความแข...,153,,หินอ่อนที่ดี ควรมีลักษณะอย่างไร — บทความจากSIAM STONE ศรีนครินทร์ กรุงเทพฯ เขียนจากประสบการณ์หน้างานจริง ไม่ใช่ข้อมูลที่คัดลอกต่อกันมา,134,
https://www.xn--q3ca6cja3bzj.com/article/20/หินอ่อนขาว-สร้างบรรยากาศบริสุทธิ์-สงบ-สู่พื้นที่ศักดิ์สิทธิ์,หินอ่อนขาว สร้างบรรยากาศบริสุทธิ์ สงบ สู่พื้นที่ศักดิ์สิทธิ์ - หินอ่อน.com | SIAM STONE แผ่นหินอ่อน หินแกรนิต : Inspired by LnwShop.com (v2),140,หินอ่อนขาว สร้างบรรยากาศบริสุทธิ์ สงบ | หินอ่อน.com,51,"หินอ่อนขาว สร้างบรรยากาศบริสุทธิ์ สงบ สู่พื้นที่ศักดิ์สิทธิ์ ""หินอ่อนขาว"" คือสัญลักษณ์แห่งความบริสุทธิ์และความสง่างาม ด้วยสีขาวที่สะอาดตาและลวดลายที่เ...",153,,หินอ่อนขาว สร้างบรรยากาศบริสุทธิ์ สงบ สู่พื้นที่ศักดิ์สิทธิ์ — บทความจากSIAM STONE ศรีนครินทร์ กรุงเทพฯ เขียนจากประสบการณ์หน้างานจริง,133,
https://www.xn--q3ca6cja3bzj.com/article/21/หินแกรนิตดำ-สร้างความสง่างาม-ทนทาน-คู่พื้นที่ภายนอก,หินแกรนิตดำ: สร้างความสง่างาม ทนทาน คู่พื้นที่ภายนอก - หินอ่อน.com | SIAM STONE แผ่นหินอ่อน หินแกรนิต : Inspired by LnwShop.com (v2),132,หินแกรนิตดำ: สร้างความสง่างาม ทนทาน | หินอ่อน.com,49,"หินแกรนิตดำ: สร้างความสง่างาม ทนทาน คู่พื้นที่ภายนอก ""หินแกรนิตดำ"" คือทางเลือกที่สมบูรณ์แบบสำหรับการปูพื้นภายนอก ด้วยความแข็งแกร่งทนทานเป็นเลิศ ทนต่อท...",153,,หินแกรนิตดำ: สร้างความสง่างาม ทนทาน คู่พื้นที่ภายนอก — บทความจากSIAM STONE ศรีนครินทร์ กรุงเทพฯ เขียนจากประสบการณ์หน้างานจริง ไม่ใช่ข้อมูลที่คัดลอกต่อกันมา,155,
https://www.xn--q3ca6cja3bzj.com/article/22/หินอ่อนปูพื้น-ความหรูหราและความทนทานในหนึ่งเดียว,หินอ่อนปูพื้น: ความหรูหราและความทนทานในหนึ่งเดียว - หินอ่อน.com | SIAM STONE แผ่นหินอ่อน หินแกรนิต : Inspired by LnwShop.com (v2),129,หินอ่อนปูพื้น: ความหรูหราและความทนทานในหนึ่งเด | หินอ่อน.com,60,หินอ่อนปูพื้น: ความหรูหราและความทนทานในหนึ่งเดียว หินอ่อนเป็นวัสดุธรรมชาติที่ได้รับความนิยมในการปูพื้นมาอย่างยาวนาน ด้วยความสวยงามและความทนทาน หินอ่อน...,153,,หินอ่อนปูพื้น: ความหรูหราและความทนทานในหนึ่งเดียว — บทความจากSIAM STONE ศรีนครินทร์ กรุงเทพฯ เขียนจากประสบการณ์หน้างานจริง ไม่ใช่ข้อมูลที่คัดลอกต่อกันมา,152,
https://www.xn--q3ca6cja3bzj.com/article/23/mcm-นวัตกรรมวัสดุปิดผิวอาคารแห่งอนาคต,MCM: นวัตกรรมวัสดุปิดผิวอาคารแห่งอนาคต - หินอ่อน.com | SIAM STONE แผ่นหินอ่อน หินแกรนิต : Inspired by LnwShop.com (v2),118,MCM: นวัตกรรมวัสดุปิดผิวอาคารแห่งอนาคต | หินอ่อน.com,52,MCM (Modified Clay Material): นวัตกรรมวัสดุตกแต่งผนังอาคารแห่งอนาคต ในวงการออกแบบและตกแต่งอาคารยุคปัจจุบัน ทางเลือกของวัสดุตกแต่งผนังอาคารมีความหลากหล...,153,,MCM: นวัตกรรมวัสดุปิดผิวอาคารแห่งอนาคต — บทความจากSIAM STONE ศรีนครินทร์ กรุงเทพฯ เขียนจากประสบการณ์หน้างานจริง ไม่ใช่ข้อมูลที่คัดลอกต่อกันมา,141,
https://www.xn--q3ca6cja3bzj.com/article/24/หินอ่อนขาวหิมาลายัน-himalayan-white-marble-ความสง่างามที่เสริมสร้างความศักดิ์สิทธิ์ในศาสนสถาน,หินอ่อนขาวหิมาลายัน (Himalayan White Marble): ความสง่างามที่เสริมสร้างความศักดิ์สิทธิ์ในศาสนสถาน - หินอ่อน.com | SIAM STONE แผ่นหินอ่อน หินแกรนิต : Inspired by LnwShop.com (v2),176,หินอ่อนขาวหิมาลายัน (Himalayan White Marble): | หินอ่อน.com,59,หินอ่อนขาวหิมาลายัน (Himalayan White Marble) เป็นวัสดุที่ได้รับความนิยมอย่างสูงในการนำมาใช้ในงานสถาปัตยกรรมของอาคารศาสนา หรือวัด ด้วยสีขาวบริสุทธิ์และ...,153,,หินอ่อนขาวหิมาลายัน (Himalayan White Marble): ความสง่างามที่เสริมสร้างความศักดิ์สิทธิ์ในศาสนสถาน — บทความจากSIAM STONE ศรีนครินทร์ กรุงเทพฯ,139,
https://www.xn--q3ca6cja3bzj.com/article/25/เลือกแผ่นหินอ่อน-หินแกรนิต-ยังไงให้ถูกงาน,เลือกแผ่นหินอ่อน หินแกรนิต ยังไงให้ถูกงาน - หินอ่อน.com | SIAM STONE แผ่นหินอ่อน หินแกรนิต : Inspired by LnwShop.com (v2),121,เลือกแผ่นหินอ่อน หินแกรนิต ยังไงให้ถูกงาน | หินอ่อน.com,55,SIAM STONE · หินอ่อน.com เลือกแผ่นหินอ่อน หินแกรนิต ยังไงให้ถูกงาน แผ่นหินอ่อนเหมาะกับเคาน์เตอร์ ผนัง และพื้นที่ต้องการลายธรรมชาติที่ดูหรู หินแ...,146,,เลือกแผ่นหินอ่อน หินแกรนิต ยังไงให้ถูกงาน — บทความจากSIAM STONE ศรีนครินทร์ กรุงเทพฯ เขียนจากประสบการณ์หน้างานจริง ไม่ใช่ข้อมูลที่คัดลอกต่อกันมา,144,
https://www.xn--q3ca6cja3bzj.com/article/26/หินอ่อน-vs-หินแกรนิต-สำหรับท็อปครัว,หินอ่อน vs หินแกรนิต สำหรับท็อปครัว - หินอ่อน.com | SIAM STONE แผ่นหินอ่อน หินแกรนิต : Inspired by LnwShop.com (v2),115,หินอ่อน vs หินแกรนิต สำหรับท็อปครัว | หินอ่อน.com,49,เปรียบหินอ่อนกับหินแกรนิตสำหรับท็อปครัว ทั้งความสวยและการดูแล สอบถาม 065-567-8989,81,,หินอ่อน vs หินแกรนิต สำหรับท็อปครัว — บทความจากSIAM STONE ศรีนครินทร์ กรุงเทพฯ เขียนจากประสบการณ์หน้างานจริง ไม่ใช่ข้อมูลที่คัดลอกต่อกันมา,138,
https://www.xn--q3ca6cja3bzj.com/article/27/ท็อปครัวหินอ่อนขาว-vs-หินแกรนิตสีเข้ม-เลือกยังไง,ท็อปครัวหินอ่อนหรือแกรนิต | SIAM STONE - หินอ่อน.com | SIAM STONE แผ่นหินอ่อน หินแกรนิต : Inspired by LnwShop.com (v2),118,ท็อปครัวหินอ่อนหรือแกรนิต | SIAM STONE | หินอ่อน.com,52,ท็อปครัวหินอ่อนขาวเป็นรอยง่าย หินแกรนิตดำทนน้ำมัน ตัดตามขนาด โทร 065-567-8989,77,,ท็อปครัวหินอ่อนขาว vs หินแกรนิตสีเข้ม เลือกยังไง — บทความจากSIAM STONE ศรีนครินทร์ กรุงเทพฯ เขียนจากประสบการณ์หน้างานจริง ไม่ใช่ข้อมูลที่คัดลอกต่อกันมา,151,
https://www.xn--q3ca6cja3bzj.com/article/3/หินอ่อน-คืออะไร-ในทางวิทยาศาสตร์,หินอ่อน คืออะไร ในทางวิทยาศาสตร์ - หินอ่อน.com | SIAM STONE แผ่นหินอ่อน หินแกรนิต : Inspired by LnwShop.com (v2),112,หินอ่อน คืออะไร ในทางวิทยาศาสตร์ | หินอ่อน.com,46,ในทางวิทยาศาสตร์ หินอ่อนเป็นหินแปรชนิดหนึ่ง จัดอยู่ในประเภทหินแปรแบบไม่แสดงริ้วขนาน คือไม่สามารถสังเกตเห็นการเรียงตัวเป็นชั้นของผลึกแร่ได้ โดยหินอ่อนเ...,153,,หินอ่อน คืออะไร ในทางวิทยาศาสตร์ — บทความจากSIAM STONE ศรีนครินทร์ กรุงเทพฯ เขียนจากประสบการณ์หน้างานจริง ไม่ใช่ข้อมูลที่คัดลอกต่อกันมา,135,
https://www.xn--q3ca6cja3bzj.com/article/4/แกรนิต-คืออะไร-ในทางธรณีวิทยา,แกรนิต คืออะไร ในทางธรณีวิทยา - หินอ่อน.com | SIAM STONE แผ่นหินอ่อน หินแกรนิต : Inspired by LnwShop.com (v2),109,แกรนิต คืออะไร ในทางธรณีวิทยา | หินอ่อน.com,43,แกรนิตในทางธรณีวิทยาเป็นหินอัคนีชนิดหนึ่ง ซึ่งเป็นหินที่เกิดจากการแข็งตัวของหินหลอมละลาย (แมกมา) ใต้ผิวโลก มีคุณสมบัติและลักษณะทางธรณีวิทยาดังต่อไปนี้...,153,,แกรนิต คืออะไร ในทางธรณีวิทยา — บทความจากSIAM STONE ศรีนครินทร์ กรุงเทพฯ เขียนจากประสบการณ์หน้างานจริง ไม่ใช่ข้อมูลที่คัดลอกต่อกันมา,132,
https://www.xn--q3ca6cja3bzj.com/article/5/แกรนิต-กับการนำไปประยุกต์ใช้ในการตกแต่งบ้าน,แกรนิต กับการนำไปประยุกต์ใช้ในการตกแต่งบ้าน - หินอ่อน.com | SIAM STONE แผ่นหินอ่อน หินแกรนิต : Inspired by LnwShop.com (v2),123,แกรนิต กับการนำไปประยุกต์ใช้ในการตกแต่งบ้าน | หินอ่อน.com,57,แกรนิตเป็นวัสดุที่ได้รับความนิยมสูงในการตกแต่งบ้านเนื่องจากคุณสมบัติที่เหมาะสมหลายประการ รวมถึงความสวยงาม ความทนทาน และความหลากหลายของลวดลายและสีสัน น...,153,,แกรนิต กับการนำไปประยุกต์ใช้ในการตกแต่งบ้าน — บทความจากSIAM STONE ศรีนครินทร์ กรุงเทพฯ เขียนจากประสบการณ์หน้างานจริง ไม่ใช่ข้อมูลที่คัดลอกต่อกันมา,146,
https://www.xn--q3ca6cja3bzj.com/article/6/หินอ่อน-กับการสร้าง-สถาปัตยกรรมเอกของโลก,หินอ่อน กับการสร้าง สถาปัตยกรรมเอกของโลก - หินอ่อน.com | SIAM STONE แผ่นหินอ่อน หินแกรนิต : Inspired by LnwShop.com (v2),120,หินอ่อน กับการสร้าง สถาปัตยกรรมเอกของโลก | หินอ่อน.com,54,หินอ่อนเป็นวัสดุธรรมชาติที่มีความสวยงาม แข็งแรง และทนทาน จึงถูกนำมาใช้สร้างสถาปัตยกรรมเอกของโลกมากมาย หินอ่อนมีคุณสมบัติดังต่อไปนี้ ความแข็ง หินอ่อนมี...,153,,หินอ่อน กับการสร้าง สถาปัตยกรรมเอกของโลก — บทความจากSIAM STONE ศรีนครินทร์ กรุงเทพฯ เขียนจากประสบการณ์หน้างานจริง ไม่ใช่ข้อมูลที่คัดลอกต่อกันมา,143,
https://www.xn--q3ca6cja3bzj.com/article/7/แกรนิตกับการสร้าง-สถาปัตยกรรมเอกของโลก,แกรนิตกับการสร้าง สถาปัตยกรรมเอกของโลก - หินอ่อน.com | SIAM STONE แผ่นหินอ่อน หินแกรนิต : Inspired by LnwShop.com (v2),118,แกรนิตกับการสร้าง สถาปัตยกรรมเอกของโลก | หินอ่อน.com,52,แกรนิตเป็นวัสดุธรรมชาติที่มีความสวยงาม แข็งแรง และทนทาน จึงนิยมนำมาใช้ในงานก่อสร้างและสถาปัตยกรรมมาอย่างยาวนาน แกรนิตถูกนำมาใช้ในการก่อสร้างสถาปัตยกรร...,153,,แกรนิตกับการสร้าง สถาปัตยกรรมเอกของโลก — บทความจากSIAM STONE ศรีนครินทร์ กรุงเทพฯ เขียนจากประสบการณ์หน้างานจริง ไม่ใช่ข้อมูลที่คัดลอกต่อกันมา,141,
https://www.xn--q3ca6cja3bzj.com/article/8/แหล่งกำเนิด-หินอ่อน-ดังจากทั่วโลก,แหล่งกำเนิด หินอ่อน ดังจากทั่วโลก - หินอ่อน.com | SIAM STONE แผ่นหินอ่อน หินแกรนิต : Inspired by LnwShop.com (v2),113,แหล่งกำเนิด หินอ่อน ดังจากทั่วโลก | หินอ่อน.com,47,หินอ่อนเป็นหินแปรชนิดหนึ่ง เกิดจากการที่หินปูน (Limestone) ที่ได้รับความร้อนและความดันมหาศาลใต้แผ่นเปลือกโลก โดยกระบวนการทางธรณีวิทยาที่ทำให้เกิดหินอ่...,153,,แหล่งกำเนิด หินอ่อน ดังจากทั่วโลก — บทความจากSIAM STONE ศรีนครินทร์ กรุงเทพฯ เขียนจากประสบการณ์หน้างานจริง ไม่ใช่ข้อมูลที่คัดลอกต่อกันมา,136,
https://www.xn--q3ca6cja3bzj.com/article/9/แหล่งกำเนิดและการขุด-หินอ่อน-ไวท์คาราร่า,แหล่งกำเนิดและการขุด หินอ่อน ไวท์คาราร่า - หินอ่อน.com | SIAM STONE แผ่นหินอ่อน หินแกรนิต : Inspired by LnwShop.com (v2),120,แหล่งกำเนิดและการขุด หินอ่อน ไวท์คาราร่า | หินอ่อน.com,54,หินอ่อนไวท์คาราร่าเป็นหินอ่อนสีขาวที่มีความสวยงามและหรูหรา นิยมนำมาใช้ตกแต่งภายใน เช่น ปูพื้น ผนัง และเฟอร์นิเจอร์ หินอ่อนไวท์คาราร่ามีแหล่งกำเนิดหลัก...,153,,แหล่งกำเนิดและการขุด หินอ่อน ไวท์คาราร่า — บทความจากSIAM STONE ศรีนครินทร์ กรุงเทพฯ เขียนจากประสบการณ์หน้างานจริง ไม่ใช่ข้อมูลที่คัดลอกต่อกันมา,143,
https://www.xn--q3ca6cja3bzj.com/article/tag/buildingmaterial,#BuildingMaterial - หินอ่อน.com | SIAM STONE แผ่นหินอ่อน หินแกรนิต : Inspired by LnwShop.com (v2),97,#BuildingMaterial | หินอ่อน.com,31,แผ่นหินอ่อน หินแกรนิต ตัดตามขนาด จาก SIAM STONE โทร 065-567-8989 และ 062-559-9000 อีเมล siamstonesale@gmail.com,111,ซ้ำกับหน้าอื่น,รวมบทความเรื่อง #BuildingMaterial จากSIAM STONE ศรีนครินทร์ กรุงเทพฯ อ่านวิธีเลือก วิธีใช้งาน และข้อควรระวังจากคนที่ทำงานกับหินอ่อน หินแกรนิต,141,
https://www.xn--q3ca6cja3bzj.com/article/tag/designinnovation,#DesignInnovation - หินอ่อน.com | SIAM STONE แผ่นหินอ่อน หินแกรนิต : Inspired by LnwShop.com (v2),97,#DesignInnovation | หินอ่อน.com,31,แผ่นหินอ่อน หินแกรนิต ตัดตามขนาด จาก SIAM STONE โทร 065-567-8989 และ 062-559-9000 อีเมล siamstonesale@gmail.com,111,ซ้ำกับหน้าอื่น,รวมบทความเรื่อง #DesignInnovation จากSIAM STONE ศรีนครินทร์ กรุงเทพฯ อ่านวิธีเลือก วิธีใช้งาน และข้อควรระวังจากคนที่ทำงานกับหินอ่อน หินแกรนิต,141,
https://www.xn--q3ca6cja3bzj.com/article/tag/himalayan-white-marble,Himalayan White Marble - หินอ่อน.com | SIAM STONE แผ่นหินอ่อน หินแกรนิต : Inspired by LnwShop.com (v2),102,Himalayan White Marble | หินอ่อน.com,36,แผ่นหินอ่อน หินแกรนิต ตัดตามขนาด จาก SIAM STONE โทร 065-567-8989 และ 062-559-9000 อีเมล siamstonesale@gmail.com,111,ซ้ำกับหน้าอื่น,รวมบทความเรื่อง Himalayan White Marble จากSIAM STONE ศรีนครินทร์ กรุงเทพฯ อ่านวิธีเลือก วิธีใช้งาน และข้อควรระวังจากคนที่ทำงานกับหินอ่อน หินแกรนิต,146,
https://www.xn--q3ca6cja3bzj.com/article/tag/interiordesign,#InteriorDesign - หินอ่อน.com | SIAM STONE แผ่นหินอ่อน หินแกรนิต : Inspired by LnwShop.com (v2),95,#InteriorDesign | หินอ่อน.com,29,แผ่นหินอ่อน หินแกรนิต ตัดตามขนาด จาก SIAM STONE โทร 065-567-8989 และ 062-559-9000 อีเมล siamstonesale@gmail.com,111,ซ้ำกับหน้าอื่น,รวมบทความเรื่อง #InteriorDesign จากSIAM STONE ศรีนครินทร์ กรุงเทพฯ อ่านวิธีเลือก วิธีใช้งาน และข้อควรระวังจากคนที่ทำงานกับหินอ่อน หินแกรนิต และศิลาแลงจริง,154,
https://www.xn--q3ca6cja3bzj.com/article/tag/mcm,#MCM - หินอ่อน.com | SIAM STONE แผ่นหินอ่อน หินแกรนิต : Inspired by LnwShop.com (v2),84,#MCM | หินอ่อน.com,18,แผ่นหินอ่อน หินแกรนิต ตัดตามขนาด จาก SIAM STONE โทร 065-567-8989 และ 062-559-9000 อีเมล siamstonesale@gmail.com,111,ซ้ำกับหน้าอื่น,รวมบทความเรื่อง #MCM จากSIAM STONE ศรีนครินทร์ กรุงเทพฯ อ่านวิธีเลือก วิธีใช้งาน และข้อควรระวังจากคนที่ทำงานกับหินอ่อน หินแกรนิต และศิลาแลงจริง,143,
https://www.xn--q3ca6cja3bzj.com/article/tag/modifiedclaymaterial,ModifiedClayMaterial - หินอ่อน.com | SIAM STONE แผ่นหินอ่อน หินแกรนิต : Inspired by LnwShop.com (v2),100,ModifiedClayMaterial | หินอ่อน.com,34,แผ่นหินอ่อน หินแกรนิต ตัดตามขนาด จาก SIAM STONE โทร 065-567-8989 และ 062-559-9000 อีเมล siamstonesale@gmail.com,111,ซ้ำกับหน้าอื่น,รวมบทความเรื่อง ModifiedClayMaterial จากSIAM STONE ศรีนครินทร์ กรุงเทพฯ อ่านวิธีเลือก วิธีใช้งาน และข้อควรระวังจากคนที่ทำงานกับหินอ่อน หินแกรนิต,144,
https://www.xn--q3ca6cja3bzj.com/article/tag/ตกแต่งภายใน,#ตกแต่งภายใน - หินอ่อน.com | SIAM STONE แผ่นหินอ่อน หินแกรนิต : Inspired by LnwShop.com (v2),92,#ตกแต่งภายใน | หินอ่อน.com,26,แผ่นหินอ่อน หินแกรนิต ตัดตามขนาด จาก SIAM STONE โทร 065-567-8989 และ 062-559-9000 อีเมล siamstonesale@gmail.com,111,ซ้ำกับหน้าอื่น,รวมบทความเรื่อง #ตกแต่งภายใน จากSIAM STONE ศรีนครินทร์ กรุงเทพฯ อ่านวิธีเลือก วิธีใช้งาน และข้อควรระวังจากคนที่ทำงานกับหินอ่อน หินแกรนิต และศิลาแลงจริง,151,
https://www.xn--q3ca6cja3bzj.com/article/tag/นวัตกรรมวัสดุ,#นวัตกรรมวัสดุ - หินอ่อน.com | SIAM STONE แผ่นหินอ่อน หินแกรนิต : Inspired by LnwShop.com (v2),94,#นวัตกรรมวัสดุ | หินอ่อน.com,28,แผ่นหินอ่อน หินแกรนิต ตัดตามขนาด จาก SIAM STONE โทร 065-567-8989 และ 062-559-9000 อีเมล siamstonesale@gmail.com,111,ซ้ำกับหน้าอื่น,รวมบทความเรื่อง #นวัตกรรมวัสดุ จากSIAM STONE ศรีนครินทร์ กรุงเทพฯ อ่านวิธีเลือก วิธีใช้งาน และข้อควรระวังจากคนที่ทำงานกับหินอ่อน หินแกรนิต และศิลาแลงจริง,153,
https://www.xn--q3ca6cja3bzj.com/article/tag/วัด,วัด - หินอ่อน.com | SIAM STONE แผ่นหินอ่อน หินแกรนิต : Inspired by LnwShop.com (v2),83,วัด | หินอ่อน.com,17,แผ่นหินอ่อน หินแกรนิต ตัดตามขนาด จาก SIAM STONE โทร 065-567-8989 และ 062-559-9000 อีเมล siamstonesale@gmail.com,111,ซ้ำกับหน้าอื่น,รวมบทความเรื่อง วัด จากSIAM STONE ศรีนครินทร์ กรุงเทพฯ อ่านวิธีเลือก วิธีใช้งาน และข้อควรระวังจากคนที่ทำงานกับหินอ่อน หินแกรนิต และศิลาแลงจริง,142,
https://www.xn--q3ca6cja3bzj.com/article/tag/หินอ่อนขาวหิมาลายัน,หินอ่อนขาวหิมาลายัน - หินอ่อน.com | SIAM STONE แผ่นหินอ่อน หินแกรนิต : Inspired by LnwShop.com (v2),99,หินอ่อนขาวหิมาลายัน | หินอ่อน.com,33,แผ่นหินอ่อน หินแกรนิต ตัดตามขนาด จาก SIAM STONE โทร 065-567-8989 และ 062-559-9000 อีเมล siamstonesale@gmail.com,111,ซ้ำกับหน้าอื่น,รวมบทความเรื่อง หินอ่อนขาวหิมาลายัน จากSIAM STONE ศรีนครินทร์ กรุงเทพฯ อ่านวิธีเลือก วิธีใช้งาน และข้อควรระวังจากคนที่ทำงานกับหินอ่อน หินแกรนิต,143,
https://www.xn--q3ca6cja3bzj.com/article/tag/หินอ่อนตกแต่งศาสนสถาน,หินอ่อนตกแต่งศาสนสถาน - หินอ่อน.com | SIAM STONE แผ่นหินอ่อน หินแกรนิต : Inspired by LnwShop.com (v2),101,หินอ่อนตกแต่งศาสนสถาน | หินอ่อน.com,35,แผ่นหินอ่อน หินแกรนิต ตัดตามขนาด จาก SIAM STONE โทร 065-567-8989 และ 062-559-9000 อีเมล siamstonesale@gmail.com,111,ซ้ำกับหน้าอื่น,รวมบทความเรื่อง หินอ่อนตกแต่งศาสนสถาน จากSIAM STONE ศรีนครินทร์ กรุงเทพฯ อ่านวิธีเลือก วิธีใช้งาน และข้อควรระวังจากคนที่ทำงานกับหินอ่อน หินแกรนิต,145,
https://www.xn--q3ca6cja3bzj.com/article/tag/หินอ่อนปูพื้นวัด,หินอ่อนปูพื้นวัด - หินอ่อน.com | SIAM STONE แผ่นหินอ่อน หินแกรนิต : Inspired by LnwShop.com (v2),96,หินอ่อนปูพื้นวัด รวมบทความ | หินอ่อน.com,40,แผ่นหินอ่อน หินแกรนิต ตัดตามขนาด จาก SIAM STONE โทร 065-567-8989 และ 062-559-9000 อีเมล siamstonesale@gmail.com,111,ซ้ำกับหน้าอื่น,รวมบทความเรื่อง หินอ่อนปูพื้นวัด จากSIAM STONE ศรีนครินทร์ กรุงเทพฯ อ่านวิธีเลือก วิธีใช้งาน และข้อควรระวังจากคนที่ทำงานกับหินอ่อน หินแกรนิต และศิลาแลงจริง,155,
https://www.xn--q3ca6cja3bzj.com/article/tag/หินอ่อนสีขาววัด,หินอ่อนสีขาววัด - หินอ่อน.com | SIAM STONE แผ่นหินอ่อน หินแกรนิต : Inspired by LnwShop.com (v2),95,หินอ่อนสีขาววัด | หินอ่อน.com,29,แผ่นหินอ่อน หินแกรนิต ตัดตามขนาด จาก SIAM STONE โทร 065-567-8989 และ 062-559-9000 อีเมล siamstonesale@gmail.com,111,ซ้ำกับหน้าอื่น,รวมบทความเรื่อง หินอ่อนสีขาววัด จากSIAM STONE ศรีนครินทร์ กรุงเทพฯ อ่านวิธีเลือก วิธีใช้งาน และข้อควรระวังจากคนที่ทำงานกับหินอ่อน หินแกรนิต และศิลาแลงจริง,154,
https://www.xn--q3ca6cja3bzj.com/article/tag/หินอ่อนแกะสลักพระพุทธรูป,หินอ่อนแกะสลักพระพุทธรูป - หินอ่อน.com | SIAM STONE แผ่นหินอ่อน หินแกรนิต : Inspired by LnwShop.com (v2),104,หินอ่อนแกะสลักพระพุทธรูป | หินอ่อน.com,38,แผ่นหินอ่อน หินแกรนิต ตัดตามขนาด จาก SIAM STONE โทร 065-567-8989 และ 062-559-9000 อีเมล siamstonesale@gmail.com,111,ซ้ำกับหน้าอื่น,รวมบทความเรื่อง หินอ่อนแกะสลักพระพุทธรูป จากSIAM STONE ศรีนครินทร์ กรุงเทพฯ อ่านวิธีเลือก วิธีใช้งาน และข้อควรระวังจากคนที่ทำงานกับหินอ่อน หินแกรนิต,148,
https://www.xn--q3ca6cja3bzj.com/category,สินค้าทั้งหมด - หินอ่อน.com | SIAM STONE แผ่นหินอ่อน หินแกรนิต : Inspired by LnwShop.com (v2),93,สินค้าทั้งหมด | หินอ่อน.com,27,แผ่นหินอ่อน หินแกรนิต ตัดตามขนาด จาก SIAM STONE โทร 065-567-8989 และ 062-559-9000 อีเมล siamstonesale@gmail.com,111,ซ้ำกับหน้าอื่น,สินค้าทั้งหมด — ดูทุกขนาดและราคาในหมวดนี้ จากSIAM STONE ศรีนครินทร์ กรุงเทพฯ สั่งตัดขนาดพิเศษได้ ส่งทั่วประเทศ โทร 065-567-8989,127,
https://www.xn--q3ca6cja3bzj.com/category/1/หินอ่อนต่างประเทศ,หินอ่อนต่างประเทศ หลากหลายสี โดยสยามสโตน - หินอ่อน.com | SIAM STONE แผ่นหินอ่อน หินแกรนิต : Inspired by LnwShop.com (v2),120,หินอ่อนต่างประเทศ หลากหลายสี โดยสยามสโตน | หินอ่อน.com,54,รวมหินอ่อนนำเข้า ทั้งสีขาว เขียว ดำ สำหรับงานปูพื้นและตกแต่ง สอบถาม 065-567-8989,80,,หินอ่อนต่างประเทศ — ดูทุกขนาดและราคาในหมวดนี้ จากSIAM STONE ศรีนครินทร์ กรุงเทพฯ สั่งตัดขนาดพิเศษได้ ส่งทั่วประเทศ โทร 065-567-8989,131,
https://www.xn--q3ca6cja3bzj.com/category/10/หญ้าเทียม,หญ้าเทียม - หินอ่อน.com | SIAM STONE แผ่นหินอ่อน หินแกรนิต : Inspired by LnwShop.com (v2),89,หญ้าเทียม ทุกขนาด | หินอ่อน.com,31,หญ้าเทียม หน้ากว้าง 2 เมตร ยาวตัดตามสั่ง (ยาวสุดได้25เมตร) หญ้าสูง2-3 cm ขนหญ้าไม่หลุดร่วงง่าย หญ้าเทียมใช้ตกแต่งบ้าน ร้าน ด้วยหญ้าเทียมให้ความนุ่มและ...,153,,หญ้าเทียม — ดูทุกขนาดและราคาในหมวดนี้ จากSIAM STONE ศรีนครินทร์ กรุงเทพฯ สั่งตัดขนาดพิเศษได้ ส่งทั่วประเทศ โทร 065-567-8989,123,
https://www.xn--q3ca6cja3bzj.com/category/11/หินอ่อน-หินปูสระว่ายน้ำ,หินปูสระว่ายน้ำ หินอ่อนรอบสระ | สยามสโตน - หินอ่อน.com | SIAM STONE แผ่นหินอ่อน หินแกรนิต : Inspired by LnwShop.com (v2),120,หินปูสระว่ายน้ำ หินอ่อนรอบสระ | สยามสโตน | หินอ่อน.com,54,หินปูขอบสระว่ายน้ำและหินอ่อนกันลื่น ตัดตามขนาด สอบถาม 065-567-8989,66,,หินอ่อน หินปูสระว่ายน้ำ — ดูทุกขนาดและราคาในหมวดนี้ จากSIAM STONE ศรีนครินทร์ กรุงเทพฯ สั่งตัดขนาดพิเศษได้ ส่งทั่วประเทศ โทร 065-567-8989,137,
https://www.xn--q3ca6cja3bzj.com/category/12/วัสดุทดแทนหิน,วัสดุทดแทนหิน - หินอ่อน.com | SIAM STONE แผ่นหินอ่อน หินแกรนิต : Inspired by LnwShop.com (v2),93,วัสดุทดแทนหิน | หินอ่อน.com,27,วัสดุทดแทนหิน สำหรับงานปูพื้นและผนัง,36,,วัสดุทดแทนหิน — ดูทุกขนาดและราคาในหมวดนี้ จากSIAM STONE ศรีนครินทร์ กรุงเทพฯ สั่งตัดขนาดพิเศษได้ ส่งทั่วประเทศ โทร 065-567-8989,127,
https://www.xn--q3ca6cja3bzj.com/category/2/หินอ่อนภายในประเทศ,หินอ่อนไทย ขาวทับกวาง ชมพูทับกวาง ดำพระลาน - หินอ่อน.com | SIAM STONE แผ่นหินอ่อน หินแกรนิต : Inspired by LnwShop.com (v2),122,หินอ่อนไทย ขาวทับกวาง ชมพูทับกวาง ดำพระลาน | หินอ่อน.com,56,หินอ่อนไทยคุณภาพดี ราคาเป็นมิตร เหมาะกับงานปูพื้นและตกแต่ง สอบถาม 065-567-8989,78,,หินอ่อนภายในประเทศ — ดูทุกขนาดและราคาในหมวดนี้ จากSIAM STONE ศรีนครินทร์ กรุงเทพฯ สั่งตัดขนาดพิเศษได้ ส่งทั่วประเทศ โทร 065-567-8989,132,
https://www.xn--q3ca6cja3bzj.com/category/3/หินแกรนิต,หินแกรนิต ดำจีน ดำอินเดีย ขาวไข่มุก - หินอ่อน.com | SIAM STONE แผ่นหินอ่อน หินแกรนิต : Inspired by LnwShop.com (v2),115,หินแกรนิต ดำจีน ดำอินเดีย ขาวไข่มุก | หินอ่อน.com,49,หินแกรนิตแข็งทน ดูแลง่าย เหมาะกับท็อปครัว บันได และพื้น สอบถาม 065-567-8989,75,,หินแกรนิต — ดูทุกขนาดและราคาในหมวดนี้ จากSIAM STONE ศรีนครินทร์ กรุงเทพฯ สั่งตัดขนาดพิเศษได้ ส่งทั่วประเทศ โทร 065-567-8989,123,
https://www.xn--q3ca6cja3bzj.com/category/4/หินศิลาแลง,หินศิลาแลง - หินอ่อน.com | SIAM STONE แผ่นหินอ่อน หินแกรนิต : Inspired by LnwShop.com (v2),90,หินศิลาแลง ทุกขนาด | หินอ่อน.com,32,ศิลาแลงหินศิลาแลง,17,,หินศิลาแลง — ดูทุกขนาดและราคาในหมวดนี้ จากSIAM STONE ศรีนครินทร์ กรุงเทพฯ สั่งตัดขนาดพิเศษได้ ส่งทั่วประเทศ โทร 065-567-8989,124,
https://www.xn--q3ca6cja3bzj.com/category/5/หินบล็อกแกะสลัก,หินบล็อกแกะสลัก - หินอ่อน.com | SIAM STONE แผ่นหินอ่อน หินแกรนิต : Inspired by LnwShop.com (v2),95,หินบล็อกแกะสลัก | หินอ่อน.com,29,เขียวอิตาลีขาวเวียดนามหินออนิกซ์pink onyxgreen onyxyellow onyx,62,,หินบล็อกแกะสลัก — ดูทุกขนาดและราคาในหมวดนี้ จากSIAM STONE ศรีนครินทร์ กรุงเทพฯ สั่งตัดขนาดพิเศษได้ ส่งทั่วประเทศ โทร 065-567-8989,129,
https://www.xn--q3ca6cja3bzj.com/category/6/งานกลึงหินอ่อน-ลูกกรงหินอ่อน,งานกลึงหินอ่อน ลูกกรงหินอ่อน - หินอ่อน.com | SIAM STONE แผ่นหินอ่อน หินแกรนิต : Inspired by LnwShop.com (v2),108,งานกลึงหินอ่อน ลูกกรงหินอ่อน | หินอ่อน.com,42,แผ่นหินอ่อน หินแกรนิต ตัดตามขนาด จาก SIAM STONE โทร 065-567-8989 และ 062-559-9000 อีเมล siamstonesale@gmail.com,111,ซ้ำกับหน้าอื่น,งานกลึงหินอ่อน ลูกกรงหินอ่อน — ดูทุกขนาดและราคาในหมวดนี้ จากSIAM STONE ศรีนครินทร์ กรุงเทพฯ สั่งตัดขนาดพิเศษได้ ส่งทั่วประเทศ โทร 065-567-8989,142,
https://www.xn--q3ca6cja3bzj.com/category/7/งานประกอบหินอ่อน,งานประกอบหินอ่อน - หินอ่อน.com | SIAM STONE แผ่นหินอ่อน หินแกรนิต : Inspired by LnwShop.com (v2),96,งานประกอบหินอ่อน | หินอ่อน.com,30,งานประกอบหินอ่อนเพื่อการตกแต่ง งานประดับ,40,,งานประกอบหินอ่อน — ดูทุกขนาดและราคาในหมวดนี้ จากSIAM STONE ศรีนครินทร์ กรุงเทพฯ สั่งตัดขนาดพิเศษได้ ส่งทั่วประเทศ โทร 065-567-8989,130,
https://www.xn--q3ca6cja3bzj.com/category/8/หินอ่อนตกแต่ง,หินอ่อนตกแต่ง - หินอ่อน.com | SIAM STONE แผ่นหินอ่อน หินแกรนิต : Inspired by LnwShop.com (v2),93,หินอ่อนตกแต่ง | หินอ่อน.com,27,หินอ่อนตกแต่งหินจิ๊กซอหินน้ำตกหินโมเสก,38,,หินอ่อนตกแต่ง — ดูทุกขนาดและราคาในหมวดนี้ จากSIAM STONE ศรีนครินทร์ กรุงเทพฯ สั่งตัดขนาดพิเศษได้ ส่งทั่วประเทศ โทร 065-567-8989,127,
https://www.xn--q3ca6cja3bzj.com/category/9/หินตกแต่งสวน-หินแต่งสวน,หินตกแต่งสวน หินแต่งสวน - หินอ่อน.com | SIAM STONE แผ่นหินอ่อน หินแกรนิต : Inspired by LnwShop.com (v2),103,หินตกแต่งสวน หินแต่งสวน | หินอ่อน.com,37,แผ่นหินอ่อน หินแกรนิต ตัดตามขนาด จาก SIAM STONE โทร 065-567-8989 และ 062-559-9000 อีเมล siamstonesale@gmail.com,111,ซ้ำกับหน้าอื่น,หินตกแต่งสวน หินแต่งสวน — ดูทุกขนาดและราคาในหมวดนี้ จากSIAM STONE ศรีนครินทร์ กรุงเทพฯ สั่งตัดขนาดพิเศษได้ ส่งทั่วประเทศ โทร 065-567-8989,137,
https://www.xn--q3ca6cja3bzj.com/contactus,ติดต่อเรา - หินอ่อน.com | SIAM STONE แผ่นหินอ่อน หินแกรนิต : Inspired by LnwShop.com (v2),89,ติดต่อเรา | หินอ่อน.com,23,แผ่นหินอ่อน หินแกรนิต ตัดตามขนาด จาก SIAM STONE โทร 065-567-8989 และ 062-559-9000 อีเมล siamstonesale@gmail.com,111,ซ้ำกับหน้าอื่น,ที่อยู่ แผนที่ และช่องทางติดต่อ SIAM STONE ถนนศรีนครินทร์ เขตประเวศ กรุงเทพฯ โทร 065-567-8989 และ 062-559-9000,110,
https://www.xn--q3ca6cja3bzj.com/how2order,วิธีการสั่งซื้อสินค้า - หินอ่อน.com | SIAM STONE แผ่นหินอ่อน หินแกรนิต : Inspired by LnwShop.com (v2),101,วิธีการสั่งซื้อสินค้า | หินอ่อน.com,35,แผ่นหินอ่อน หินแกรนิต ตัดตามขนาด จาก SIAM STONE โทร 065-567-8989 และ 062-559-9000 อีเมล siamstonesale@gmail.com,111,ซ้ำกับหน้าอื่น,ขั้นตอนสั่งซื้อหินอ่อนหินแกรนิตจาก SIAM STONE ตั้งแต่ส่งแบบ คำนวณจำนวน ยืนยันราคา จนถึงจัดส่งและติดตั้งหน้างาน,110,
https://www.xn--q3ca6cja3bzj.com/informpayment,แจ้งชำระเงิน - หินอ่อน.com | SIAM STONE แผ่นหินอ่อน หินแกรนิต : Inspired by LnwShop.com (v2),92,แจ้งชำระเงิน | หินอ่อน.com,26,แผ่นหินอ่อน หินแกรนิต ตัดตามขนาด จาก SIAM STONE โทร 065-567-8989 และ 062-559-9000 อีเมล siamstonesale@gmail.com,111,ซ้ำกับหน้าอื่น,แจ้งชำระเงินสำหรับคำสั่งซื้อหินอ่อน หินแกรนิต และศิลาแลงจาก SIAM STONE พร้อมเลขบัญชีและขั้นตอนยืนยันการโอน,106,
https://www.xn--q3ca6cja3bzj.com/product/10/%E0%B8%AB%E0%B8%B4%E0%B8%99%E0%B8%AD%E0%B9%88%E0%B8%AD%E0%B8%99-%E0%B9%81%E0%B8%9A%E0%B8%A5%E0%B9%87%E0%B8%84%E0%B8%A1%E0%B8%B2%E0%B8%84%E0%B8%B4%E0%B8%A7%E0%B8%99%E0%B9%88%E0%B8%B2-black-marquina-marble-bmm,หินอ่อน แบล็คมาคิวน่า BLACK MARQUINA Marble (BMM) - หินอ่อน.com | SIAM STONE แผ่นหินอ่อน หินแกรนิต : Inspired by LnwShop.com (v2),129,หินอ่อน แบล็คมาคิวน่า BLACK MARQUINA Marble | หินอ่อน.com,57,หินอ่อนแบล็คมาคิวน่า (Black Marquina) พื้นสีดำสนิทตัดลายเส้นแร่สีขาว ผิวเงางามหรูหรา เหมาะกับเคาน์เตอร์ ท็อปอ่างล้างหน้า และผนังตกแต่ง สอบถามโทร 065-5...,153,,หินอ่อนแบล็คมาคีน่า (Black Marquina Marble — BMM) หินอ่อนโทนดำสนิท ตัดกับเส้นแร่สีขาวคมชัด เป็นหินอ่อนดำที่คนรู้จักมากที่สุดในงานตกแต่ง ผิวขัดมันเงาลึก,151,
https://www.xn--q3ca6cja3bzj.com/product/17/%E0%B8%AB%E0%B8%B4%E0%B8%99%E0%B9%81%E0%B8%81%E0%B8%A3%E0%B8%99%E0%B8%B4%E0%B8%95-%E0%B8%94%E0%B8%B3%E0%B8%88%E0%B8%B5%E0%B8%99-china-black-granite-cbg,หินแกรนิต ดำจีน China Black granite (CBG) - หินอ่อน.com | SIAM STONE แผ่นหินอ่อน หินแกรนิต : Inspired by LnwShop.com (v2),121,หินแกรนิต ดำจีน China Black granite (CBG) | หินอ่อน.com,55,หินแกรนิตดำจีน China Black granite เนื้อสีดำสม่ำเสมอ ผิวขัดเงา แข็งแรงทนทาน เหมาะกับปูพื้น บันได และเคาน์เตอร์ครัว สอบถามโทร 065-567-8989,137,,หินแกรนิตดำจีน (China Black Granite — CBG) หินแกรนิตเนื้อสีดำสม่ำเสมอทั้งแผ่น เกือบไม่มีลาย ผิวขัดเงาลึก เป็นหินแกรนิตดำที่ใช้กันมากที่สุดสำหรับท็อปครัวในไ,155,
https://www.xn--q3ca6cja3bzj.com/product/18/%E0%B8%AB%E0%B8%B4%E0%B8%99%E0%B9%81%E0%B8%81%E0%B8%A3%E0%B8%99%E0%B8%B4%E0%B8%95%E0%B8%94%E0%B8%B3%E0%B8%AD%E0%B8%B4%E0%B8%99%E0%B9%80%E0%B8%94%E0%B8%B5%E0%B8%A2-g20-indian-black-granite-ibg,หินแกรนิตดำอินเดีย (G20) Indian Black Granite (IBG) - หินอ่อน.com | SIAM STONE แผ่นหินอ่อน หินแกรนิต : Inspired by LnwShop.com (v2),131,หินแกรนิตดำอินเดีย (G20) Indian Black Granite | หินอ่อน.com,59,หินแกรนิตดำอินเดีย G20 เนื้อดำสนิทเกล็ดละเอียด ผิวขัดเงาเรียบเนียน ทนทานสูง เหมาะกับปูพื้น ผนัง และท็อปเคาน์เตอร์ สอบถามโทร 065-567-8989,136,,หินแกรนิตดำอินเดีย G20 (Indian Black Granite — IBG) หินแกรนิตดำเนื้อละเอียดจากอินเดีย เนื้อแน่นกว่าและสีดำลึกกว่าดำจีน ผิวขัดเงาสะท้อนได้เหมือนกระจก ราคา,153,
https://www.xn--q3ca6cja3bzj.com/product/19/%E0%B8%AB%E0%B8%B4%E0%B8%99%E0%B9%81%E0%B8%81%E0%B8%A3%E0%B8%99%E0%B8%B4%E0%B8%95-%E0%B9%81%E0%B8%94%E0%B8%87%E0%B8%AD%E0%B8%B4%E0%B8%99%E0%B9%80%E0%B8%94%E0%B8%B5%E0%B8%A2-indian-red-granite-irg,หินแกรนิต แดงอินเดีย Indian Red Granite (IRG) - หินอ่อน.com | SIAM STONE แผ่นหินอ่อน หินแกรนิต : Inspired by LnwShop.com (v2),125,หินแกรนิต แดงอินเดีย Indian Red Granite (IRG) | หินอ่อน.com,59,หินแกรนิตแดงอินเดีย เนื้อหินสีแดงลายสวย แข็งแรงทนทาน เหมาะกับงานปูพื้น บันได และเคาน์เตอร์ สอบถามโทร 065-567-8989,113,,หินแกรนิตแดงอินเดีย (Indian Red Granite — IRG) หินแกรนิตสีแดงอิฐ มีจุดดำและเทากระจายทั่วเนื้อหิน ผิวขัดเงา เป็นหินสีแดงธรรมชาติที่คงสีได้ยาวนานไม่ซีดแม้โดน,155,
https://www.xn--q3ca6cja3bzj.com/product/2/%E0%B8%AB%E0%B8%B4%E0%B8%99%E0%B8%AD%E0%B9%88%E0%B8%AD%E0%B8%99%E0%B8%82%E0%B8%B2%E0%B8%A7%E0%B9%80%E0%B8%97%E0%B8%B2%E0%B8%A5%E0%B8%B2%E0%B8%A2%E0%B9%80%E0%B8%A1%E0%B8%86-clouldy-white-marble-cwm-%E0%B8%82%E0%B8%99%E0%B8%B2%E0%B8%943030cm,หินอ่อนขาวเทาลายเมฆ CWM 30x30 ซม. - หินอ่อน.com | SIAM STONE แผ่นหินอ่อน หินแกรนิต : Inspired by LnwShop.com (v2),113,หินอ่อนขาวเทาลายเมฆ CWM 30x30 ซม. | หินอ่อน.com,47,หินอ่อนขาวเทาลายเมฆ (Cloudy White Marble) ขนาด 30x30 ซม. สอบถาม 065-567-8989,76,,หินอ่อนขาวเทาลายเมฆ (Cloudy White Marble — CWM) หินอ่อนไทยโทนขาวสว่าง มีลายเทาพลิ้วคล้ายเมฆกระจายทั่วแผ่น ไม่ซ้ำกันสักแผ่น ผิวขัดมันเงาสะท้อนแสงได้ดี,149,
https://www.xn--q3ca6cja3bzj.com/product/20/%E0%B8%AB%E0%B8%B4%E0%B8%99%E0%B8%AD%E0%B9%88%E0%B8%AD%E0%B8%99-%E0%B8%82%E0%B8%B2%E0%B8%A7%E0%B8%AB%E0%B8%B4%E0%B8%A1%E0%B8%B2%E0%B8%A5%E0%B8%B1%E0%B8%A2-himalayan-white-marble-hwm-3060%E0%B9%80%E0%B8%8B%E0%B8%99%E0%B8%95%E0%B8%B4%E0%B9%80%E0%B8%A1%E0%B8%95%E0%B8%A3,หินอ่อนขาวหิมาลัย Himalayan White Marble 30x60 ซม. - หินอ่อน.com | SIAM STONE แผ่นหินอ่อน หินแกรนิต : Inspired by LnwShop.com (v2),130,หินอ่อนขาวหิมาลัย Himalayan White 30x60 ซม. | หินอ่อน.com,57,แผ่นหินอ่อนขาวหิมาลัย ขนาด 30x60 เซนติเมตร สำหรับปูพื้นและผนัง สอบถาม 065-567-8989,82,,หินอ่อนขาวหิมาลัย (Himalayan White Marble — HWM) ขนาด 30x60 ซม. หินอ่อนโทนขาวเนื้อละเอียด ลายน้อยเกือบเรียบ ให้ความสะอาดตาและสว่าง,130,
https://www.xn--q3ca6cja3bzj.com/product/21/%E0%B8%AB%E0%B8%B4%E0%B8%99%E0%B9%81%E0%B8%81%E0%B8%A3%E0%B8%99%E0%B8%B4%E0%B8%95%E0%B8%82%E0%B8%B2%E0%B8%A7%E0%B9%84%E0%B8%82%E0%B9%88%E0%B8%A1%E0%B8%B8%E0%B8%81-white-pearl-granite-wpg-%E0%B8%9E%E0%B9%88%E0%B8%99%E0%B8%97%E0%B8%A3%E0%B8%B2%E0%B8%A2,หินแกรนิตขาวไข่มุก White Pearl Granite (WPG) พ่นทราย - หินอ่อน.com | SIAM STONE แผ่นหินอ่อน หินแกรนิต : Inspired by LnwShop.com (v2),132,หินแกรนิตขาวไข่มุก White Pearl พ่นทราย | หินอ่อน.com,52,หินแกรนิตขาวไข่มุก ผิวพ่นทราย สีขาวอมเทาลายเกล็ดละเอียด ผิวสากกันลื่น เหมาะกับปูพื้นทางเดิน ขอบสระ และลานกลางแจ้ง สอบถามโทร 065-567-8989,136,,"หินแกรนิตขาวไข่มุก ผิวพ่นทราย (White Pearl Granite — WPG, Sand Blasted) หินแกรนิตโทนขาวเทา จุดดำเทาละเอียดกระจายสม่ำเสมอ",120,
https://www.xn--q3ca6cja3bzj.com/product/22/%E0%B8%AB%E0%B8%B4%E0%B8%99%E0%B9%81%E0%B8%81%E0%B8%A3%E0%B8%99%E0%B8%B4%E0%B8%95%E0%B8%82%E0%B8%B2%E0%B8%A7%E0%B9%84%E0%B8%82%E0%B9%88%E0%B8%A1%E0%B8%B8%E0%B8%81-white-pearl-granite-wpg-%E0%B8%9E%E0%B8%B7%E0%B9%89%E0%B8%99%E0%B8%9C%E0%B8%B4%E0%B8%A7-%E0%B8%9E%E0%B9%88%E0%B8%99%E0%B9%84%E0%B8%9F%E0%B8%9B%E0%B8%B1%E0%B9%88%E0%B8%99%E0%B9%81%E0%B8%9B%E0%B8%A3%E0%B8%87,หินแกรนิตขาวไข่มุก White Pearl Granite (WPG) พื้นผิว พ่นไฟปั่นแปรง - หินอ่อน.com | SIAM STONE แผ่นหินอ่อน หินแกรนิต : Inspired by LnwShop.com (v2),146,หินแกรนิตขาวไข่มุก พื้นผิว พ่นไฟปั่นแปรง | หินอ่อน.com,54,หินแกรนิตขาวไข่มุก White Pearl Granite (WPG) ผิวพ่นไฟปั่นแปรง สีขาวไข่มุก ผิวหยาบกันลื่น เหมาะกับงานปูพื้นและผนังภายนอก สอบถามโทร 065-567-8989,142,,"หินแกรนิตขาวไข่มุก ผิวพ่นไฟปั่นแปรง (White Pearl Granite — WPG, Flamed & Brushed) หินแกรนิตขาวเทาจุดละเอียด ผ่านการพ่นไฟให้ผิวหยาบแล้วปั่นแปรงเก็บผิวอีกชั้",155,
https://www.xn--q3ca6cja3bzj.com/product/23/cobble-stone-%E0%B8%AB%E0%B8%B4%E0%B8%99%E0%B8%82%E0%B8%B2%E0%B8%A7%E0%B9%84%E0%B8%82%E0%B9%88%E0%B8%A1%E0%B8%B8%E0%B8%81-%E0%B8%9E%E0%B9%88%E0%B8%99%E0%B9%84%E0%B8%9F-white-pearl-granite,cobble stone หินขาวไข่มุก พ่นไฟ White Pearl Granite - หินอ่อน.com | SIAM STONE แผ่นหินอ่อน หินแกรนิต : Inspired by LnwShop.com (v2),131,cobble stone หินขาวไข่มุก พ่นไฟ White Pearl | หินอ่อน.com,57,หินคอบเบิ้ลสโตนขาวไข่มุก ผิวพ่นไฟ ก้อนสี่เหลี่ยมสีขาวอมเทา ผิวสากไม่ลื่น เหมาะปูทางเดินในสวน ลานจอดรถ และงานกลางแจ้ง สอบถามโทร 065-567-8989,139,,Cobble Stone หินขาวไข่มุก ผิวพ่นไฟ (White Pearl Granite) หินแกรนิตตัดเป็นก้อนสี่เหลี่ยมขนาดเล็กสำหรับปูเรียงเป็นลวดลาย ผิวพ่นไฟกันลื่น ราคา 990 บาท/ตร.ม.,153,
https://www.xn--q3ca6cja3bzj.com/product/24/%E0%B8%AB%E0%B8%B4%E0%B8%99%E0%B8%9B%E0%B8%B9%E0%B8%AA%E0%B8%A3%E0%B8%B0%E0%B8%A7%E0%B9%88%E0%B8%B2%E0%B8%A2%E0%B8%99%E0%B9%89%E0%B8%B3-%E0%B8%82%E0%B8%99%E0%B8%B2%E0%B8%941010cm-%E0%B8%AB%E0%B8%B4%E0%B8%99%E0%B8%AD%E0%B9%88%E0%B8%AD%E0%B8%99%E0%B8%82%E0%B8%B2%E0%B8%A7%E0%B9%80%E0%B8%97%E0%B8%B2%E0%B8%A5%E0%B8%B2%E0%B8%A2%E0%B9%80%E0%B8%A1%E0%B8%86-pws,หินปูสระว่ายน้ำ 10x10 ซม. ขาวเทาลายเมฆ - หินอ่อน.com | SIAM STONE แผ่นหินอ่อน หินแกรนิต : Inspired by LnwShop.com (v2),118,หินปูสระว่ายน้ำ 10x10 ซม. ขาวเทาลายเมฆ | หินอ่อน.com,52,หินอ่อนขาวเทาลายเมฆสำหรับปูสระว่ายน้ำ ขนาด 10x10 ซม. สอบถาม 065-567-8989,72,,"หินปูสระว่ายน้ำ ขนาด 10x10 ซม. หินอ่อนขาวเทาลายเมฆ (PWS) หินอ่อนโทนขาวเทาตัดเป็นแผ่นเล็ก 10x10 ซม. สำหรับปูขอบและพื้นรอบสระว่ายน้ำโดยเฉพาะ ราคา 1,250",149,
https://www.xn--q3ca6cja3bzj.com/product/25/%E0%B8%AB%E0%B8%B4%E0%B8%99%E0%B9%81%E0%B8%81%E0%B8%A3%E0%B8%99%E0%B8%B4%E0%B8%95%E0%B8%82%E0%B8%B2%E0%B8%A7%E0%B8%A7%E0%B8%B4%E0%B8%99%E0%B9%80%E0%B8%8B%E0%B8%99%E0%B8%95%E0%B9%8C-vincent-white-granite-vg-%E0%B8%9E%E0%B8%B7%E0%B9%89%E0%B8%99%E0%B8%9C%E0%B8%B4%E0%B8%A7-%E0%B8%9E%E0%B9%88%E0%B8%99%E0%B9%84%E0%B8%9F-30x60%E0%B9%80%E0%B8%8B%E0%B8%99%E0%B8%95%E0%B8%B4%E0%B9%80%E0%B8%A1%E0%B8%95%E0%B8%A3,หินแกรนิตขาววินเซนต์ Vincent White Granite (VG) พื้นผิว พ่นไฟ 30x60เซนติเมตร - หินอ่อน.com | SIAM STONE แผ่นหินอ่อน หินแกรนิต : Inspired by LnwShop.com (v2),156,หินแกรนิตขาววินเซนต์ พ่นไฟ 30x60เซนติเมตร | หินอ่อน.com,55,หินแกรนิตขาววินเซนต์ Vincent White Granite (VG) ผิวพ่นไฟ ขนาด 30x60 ซม. สีขาวลายเทา เหมาะกับงานปูพื้น บันได และผนังภายนอก สอบถามโทร 065-567-8989,144,,หินแกรนิตขาววินเซนต์ ผิวพ่นไฟ (Vincent White Granite — VG) ขนาด 30x60 ซม. หินแกรนิตโทนเทาขาว ลายคลื่นพลิ้วเป็นทาง ไม่ใช่จุดกระจายเหมือนขาวไข่มุก,144,
https://www.xn--q3ca6cja3bzj.com/product/26/%E0%B8%AB%E0%B8%B4%E0%B8%99%E0%B8%A8%E0%B8%B4%E0%B8%A5%E0%B8%B2%E0%B9%81%E0%B8%A5%E0%B8%87-%E0%B8%A8%E0%B8%B4%E0%B8%A5%E0%B8%B2%E0%B9%81%E0%B8%A5%E0%B8%87%E0%B8%81%E0%B8%B3%E0%B9%81%E0%B8%9E%E0%B8%87%E0%B9%80%E0%B8%9E%E0%B8%8A%E0%B8%A3-%E0%B8%82%E0%B8%99%E0%B8%B2%E0%B8%94-20x40-%E0%B9%80%E0%B8%8B%E0%B8%99%E0%B8%95%E0%B8%B4%E0%B9%80%E0%B8%A1%E0%B8%95%E0%B8%A3,หินศิลาแลง ศิลาแลงกำแพงเพชร ขนาด 20x40 เซนติเมตร - หินอ่อน.com | SIAM STONE แผ่นหินอ่อน หินแกรนิต : Inspired by LnwShop.com (v2),128,หินศิลาแลง ศิลาแลงกำแพงเพชร 20x40 เซนติเมตร | หินอ่อน.com,57,หินศิลาแลงกำแพงเพชร ขนาด 20x40 ซม. ผิวพรุนสีน้ำตาลส้มธรรมชาติ แข็งแรงทนแดดทนฝน เหมาะกับงานก่อผนัง รั้ว และงานวัด สอบถามโทร 065-567-8989,135,,หินศิลาแลงกำแพงเพชร ขนาด 20x40 ซม. ศิลาแลงแท้จากบ่อกำแพงเพชร ผิวพรุนสีน้ำตาลส้มตามธรรมชาติ ไม่มีการย้อมสี แต่ละก้อนมีรูพรุนและโทนสีต่างกันเล็กน้อย,146,
https://www.xn--q3ca6cja3bzj.com/product/27/%E0%B8%AB%E0%B8%B4%E0%B8%99%E0%B8%A8%E0%B8%B4%E0%B8%A5%E0%B8%B2%E0%B9%81%E0%B8%A5%E0%B8%87-%E0%B8%A8%E0%B8%B4%E0%B8%A5%E0%B8%B2%E0%B9%81%E0%B8%A5%E0%B8%87%E0%B8%81%E0%B8%B3%E0%B9%81%E0%B8%9E%E0%B8%87%E0%B9%80%E0%B8%9E%E0%B8%8A%E0%B8%A3-%E0%B8%82%E0%B8%99%E0%B8%B2%E0%B8%94-40x40-%E0%B9%80%E0%B8%8B%E0%B8%99%E0%B8%95%E0%B8%B4%E0%B9%80%E0%B8%A1%E0%B8%95%E0%B8%A3,หินศิลาแลง ศิลาแลงกำแพงเพชร ขนาด 40x40 เซนติเมตร - หินอ่อน.com | SIAM STONE แผ่นหินอ่อน หินแกรนิต : Inspired by LnwShop.com (v2),128,หินศิลาแลง ศิลาแลงกำแพงเพชร 40x40 เซนติเมตร | หินอ่อน.com,57,ศิลาแลง SIAM STONE ขนาด 40x40 ซม. สีส้มอิฐธรรมชาติ ผิวพรุนแบบดั้งเดิม เหมาะกับงานกรุผนัง ปูทางเดิน และตกแต่งสวน สอบถามโทร 065-567-8989,134,,หินศิลาแลงกำแพงเพชร ขนาด 40x40 ซม. ศิลาแลงแท้จากบ่อกำแพงเพชร ผิวพรุนสีน้ำตาลส้ม แผ่นใหญ่สำหรับงานปูพื้นพื้นที่กว้าง ขนาด 40x40 ซม. ราคา 120 บาทต่อก้อน,150,
https://www.xn--q3ca6cja3bzj.com/product/28/%E0%B8%AB%E0%B8%B4%E0%B8%99%E0%B8%A8%E0%B8%B4%E0%B8%A5%E0%B8%B2%E0%B9%81%E0%B8%A5%E0%B8%87-%E0%B8%A8%E0%B8%B4%E0%B8%A5%E0%B8%B2%E0%B9%81%E0%B8%A5%E0%B8%87%E0%B8%81%E0%B8%B3%E0%B9%81%E0%B8%9E%E0%B8%87%E0%B9%80%E0%B8%9E%E0%B8%8A%E0%B8%A3-%E0%B8%82%E0%B8%99%E0%B8%B2%E0%B8%94-30x30-%E0%B9%80%E0%B8%8B%E0%B8%99%E0%B8%95%E0%B8%B4%E0%B9%80%E0%B8%A1%E0%B8%95%E0%B8%A3,หินศิลาแลง ศิลาแลงกำแพงเพชร ขนาด 30x30 เซนติเมตร - หินอ่อน.com | SIAM STONE แผ่นหินอ่อน หินแกรนิต : Inspired by LnwShop.com (v2),128,หินศิลาแลง ศิลาแลงกำแพงเพชร 30x30 เซนติเมตร | หินอ่อน.com,57,ศิลาแลง SIAM STONE ขนาด 30x30 ซม. แผ่นเล็กสีส้มอิฐ จัดวางง่าย เหมาะกับทางเดินในสวน ขั้นบันได และงานผนังโค้ง สอบถามโทร 065-567-8989,130,,หินศิลาแลงกำแพงเพชร ขนาด 30x30 ซม. ศิลาแลงแท้จากบ่อกำแพงเพชร ผิวพรุนสีน้ำตาลส้ม รูปทรงจัตุรัสทำให้ปูเรียงเป็นตารางได้ลงตัว ขนาด 30x30 ซม. ราคา 65,145,
https://www.xn--q3ca6cja3bzj.com/product/29/%E0%B8%AB%E0%B8%B4%E0%B8%99%E0%B8%A8%E0%B8%B4%E0%B8%A5%E0%B8%B2%E0%B9%81%E0%B8%A5%E0%B8%87-%E0%B8%A8%E0%B8%B4%E0%B8%A5%E0%B8%B2%E0%B9%81%E0%B8%A5%E0%B8%87%E0%B8%81%E0%B8%B3%E0%B9%81%E0%B8%9E%E0%B8%87%E0%B9%80%E0%B8%9E%E0%B8%8A%E0%B8%A3-%E0%B8%82%E0%B8%99%E0%B8%B2%E0%B8%94-50x50-%E0%B9%80%E0%B8%8B%E0%B8%99%E0%B8%95%E0%B8%B4%E0%B9%80%E0%B8%A1%E0%B8%95%E0%B8%A3,หินศิลาแลง ศิลาแลงกำแพงเพชร ขนาด 50x50 เซนติเมตร - หินอ่อน.com | SIAM STONE แผ่นหินอ่อน หินแกรนิต : Inspired by LnwShop.com (v2),128,หินศิลาแลง ศิลาแลงกำแพงเพชร 50x50 เซนติเมตร | หินอ่อน.com,57,ศิลาแลง SIAM STONE ขนาด 50x50 ซม. แผ่นใหญ่สีส้มอิฐ ปูพื้นที่กว้างได้เร็วขึ้น เหมาะกับลานกว้าง ทางเข้าบ้าน และกรุผนัง สอบถามโทร 065-567-8989,139,,หินศิลาแลงกำแพงเพชร ขนาด 50x50 ซม. ศิลาแลงแท้จากบ่อกำแพงเพชร ผิวพรุนสีน้ำตาลส้ม เป็นขนาดใหญ่ที่สุดที่มีจำหน่าย ขนาด 50x50 ซม. ราคา 350 บาทต่อก้อน,145,
https://www.xn--q3ca6cja3bzj.com/product/3/%E0%B8%AB%E0%B8%B4%E0%B8%99%E0%B8%AD%E0%B9%88%E0%B8%AD%E0%B8%99%E0%B8%8A%E0%B8%A1%E0%B8%9E%E0%B8%B9%E0%B8%97%E0%B8%B1%E0%B8%9A%E0%B8%81%E0%B8%A7%E0%B8%B2%E0%B8%87-tubkwang-marble-tkm,หินอ่อนชมพูทับกวาง Tubkwang Marble - หินอ่อน.com | SIAM STONE แผ่นหินอ่อน หินแกรนิต : Inspired by LnwShop.com (v2),114,หินอ่อนชมพูทับกวาง Tubkwang Marble | หินอ่อน.com,48,หินอ่อนไทยสีชมพูทับกวาง (TKM) สำหรับปูพื้นและผนัง สอบถาม 065-567-8989,69,,หินอ่อนชมพูทับกวาง (Tubkwang Marble — TKM) หินอ่อนไทยจากแหล่งทับกวาง สระบุรี โทนชมพูอมส้มอบอุ่น มีลายเส้นแร่สีเข้มแทรกเป็นธรรมชาติ ผิวขัดมัน ขนาด 30x30,151,
https://www.xn--q3ca6cja3bzj.com/product/30/%E0%B8%AB%E0%B8%B4%E0%B8%99%E0%B8%95%E0%B8%81%E0%B9%81%E0%B8%95%E0%B9%88%E0%B8%87-%E0%B8%AB%E0%B8%B4%E0%B8%99%E0%B8%88%E0%B8%B4%E0%B9%8A%E0%B8%81%E0%B8%8B%E0%B8%AD-slate-stone-milky-white,หินตกแต่ง หินจิ๊กซอ slate stone milky white - หินอ่อน.com | SIAM STONE แผ่นหินอ่อน หินแกรนิต : Inspired by LnwShop.com (v2),123,หินตกแต่ง หินจิ๊กซอ slate stone milky white | หินอ่อน.com,57,หินจิ๊กซอ milky white สีขาวนวล ผิวเรียบละเอียด สำหรับปูผนังและตกแต่งสวน ต่อแผ่นได้พอดี ติดตั้งง่าย สอบถาม 065-567-8989,118,,หินจิ๊กซอ Slate Stone Milky White หินแผ่นบางเรียงก่อซ้อนสีขาวนวล ผิวหน้าแตกตามธรรมชาติ ให้ผนังที่มีมิติแต่ยังคงโทนสว่าง,119,
https://www.xn--q3ca6cja3bzj.com/product/31/%E0%B8%AB%E0%B8%B4%E0%B8%99%E0%B8%95%E0%B8%81%E0%B9%81%E0%B8%95%E0%B9%88%E0%B8%87-%E0%B8%AB%E0%B8%B4%E0%B8%99%E0%B8%88%E0%B8%B4%E0%B9%8A%E0%B8%81%E0%B8%8B%E0%B8%AD-slate-stone,หินตกแต่ง หินจิ๊กซอ slate stone - หินอ่อน.com | SIAM STONE แผ่นหินอ่อน หินแกรนิต : Inspired by LnwShop.com (v2),111,หินตกแต่ง หินจิ๊กซอ slate stone | หินอ่อน.com,45,หินจิ๊กซอ slate stone หินชนวนธรรมชาติ โทนเทาเข้ม ผิวเป็นชั้นสวยดิบ เหมาะกับผนังบ้านและเสารั้ว สอบถาม 065-567-8989,113,,"หินจิ๊กซอ Slate Stone หินแผ่นบางเรียงก่อซ้อนโทนดำเทา ผิวหน้าแตกตามธรรมชาติ เส้นแนวนอนชัด ให้ผนังดูสงบและหนักแน่น ราคา 1,200 บาท/ตร.ม. เป็นแผงสำเร็จ",147,
https://www.xn--q3ca6cja3bzj.com/product/32/%E0%B8%AB%E0%B8%B4%E0%B8%99%E0%B8%95%E0%B8%81%E0%B9%81%E0%B8%95%E0%B9%88%E0%B8%87-%E0%B8%AB%E0%B8%B4%E0%B8%99%E0%B8%88%E0%B8%B4%E0%B9%8A%E0%B8%81%E0%B8%8B%E0%B8%AD-slate-stone-galaxy-black,หินตกแต่ง หินจิ๊กซอ slate stone Galaxy black - หินอ่อน.com | SIAM STONE แผ่นหินอ่อน หินแกรนิต : Inspired by LnwShop.com (v2),124,หินตกแต่ง หินจิ๊กซอ slate stone Galaxy black | หินอ่อน.com,58,หินจิ๊กซอ Galaxy black สีดำประกายเกล็ดเงา ให้ผนังดูหรูมีมิติ เหมาะกับผนังโชว์ทั้งภายในและภายนอก สอบถาม 065-567-8989,115,,"หินจิ๊กซอ Slate Stone Galaxy Black แผงหินเรียงก่อซ้อนสีดำเหลือบประกาย เป็นรุ่นที่ให้มิติและประกายมากที่สุดในกลุ่มหินจิ๊กซอ ราคา 1,200 บาท/ตร.ม.",143,
https://www.xn--q3ca6cja3bzj.com/product/33/%E0%B8%AB%E0%B8%8D%E0%B9%89%E0%B8%B2%E0%B9%80%E0%B8%97%E0%B8%B5%E0%B8%A2%E0%B8%A1-%E0%B8%A2%E0%B8%B2%E0%B8%A7-2%E0%B8%8B%E0%B8%A1-20%E0%B8%A1%E0%B8%B4%E0%B8%A5%E0%B8%A5%E0%B8%B4%E0%B9%80%E0%B8%A1%E0%B8%95%E0%B8%A3-%E0%B8%97%E0%B8%99%E0%B9%81%E0%B8%94%E0%B8%94-%E0%B8%97%E0%B8%99%E0%B8%9D%E0%B8%99-%E0%B8%A3%E0%B8%B2%E0%B8%84%E0%B8%B2%E0%B8%96%E0%B8%B9%E0%B8%81%E0%B8%97%E0%B8%B5%E0%B9%88%E0%B8%AA%E0%B8%B8%E0%B8%94,หญ้าเทียม ยาว 2ซม. (20มิลลิเมตร) ทนแดด ทนฝน ราคาถูกที่สุด - หินอ่อน.com | SIAM STONE แผ่นหินอ่อน หินแกรนิต : Inspired by LnwShop.com (v2),137,หญ้าเทียม ยาว 2ซม. (20มิลลิเมตร) ทนแดด ทนฝน | หินอ่อน.com,57,หญ้าเทียมความสูงขน 2 ซม. สัมผัสนุ่ม ดูแลง่าย เหมาะปูระเบียง ดาดฟ้า และมุมนั่งเล่นในบ้าน สอบถาม 065-567-8989,107,,หญ้าเทียม ความสูงขน 2 ซม. (20 มม.) หญ้าเทียมเส้นใยทนแดดทนฝน หน้ากว้าง 2 เมตร ตัดตามความยาวที่ต้องการ ยาวสุด 25 เมตรต่อม้วน ราคา 260 บาท/ตร.ม.,141,
https://www.xn--q3ca6cja3bzj.com/product/34/%E0%B8%AB%E0%B8%8D%E0%B9%89%E0%B8%B2%E0%B9%80%E0%B8%97%E0%B8%B5%E0%B8%A2%E0%B8%A1-%E0%B8%A2%E0%B8%B2%E0%B8%A7-3%E0%B8%8B%E0%B8%A1-30%E0%B8%A1%E0%B8%B4%E0%B8%A5%E0%B8%A5%E0%B8%B4%E0%B9%80%E0%B8%A1%E0%B8%95%E0%B8%A3-%E0%B8%97%E0%B8%99%E0%B9%81%E0%B8%94%E0%B8%94-%E0%B8%97%E0%B8%99%E0%B8%9D%E0%B8%99-%E0%B8%A3%E0%B8%B2%E0%B8%84%E0%B8%B2%E0%B8%96%E0%B8%B9%E0%B8%81%E0%B8%97%E0%B8%B5%E0%B9%88%E0%B8%AA%E0%B8%B8%E0%B8%94,หญ้าเทียม ยาว 3ซม. (30มิลลิเมตร) ทนแดด ทนฝน ราคาถูกที่สุด - หินอ่อน.com | SIAM STONE แผ่นหินอ่อน หินแกรนิต : Inspired by LnwShop.com (v2),137,หญ้าเทียม ยาว 3ซม. (30มิลลิเมตร) ทนแดด ทนฝน | หินอ่อน.com,57,หญ้าเทียมความสูงขน 3 ซม. หนานุ่มกำลังดี เหมาะปูสวนหน้าบ้านและพื้นที่เดินใช้งานประจำ สอบถาม 065-567-8989,103,,หญ้าเทียม ความสูงขน 3 ซม. (30 มม.) หญ้าเทียมเส้นใยทนแดดทนฝน หน้ากว้าง 2 เมตร ตัดตามความยาว ยาวสุด 25 เมตรต่อม้วน ราคา 300 บาท/ตร.ม.,131,
https://www.xn--q3ca6cja3bzj.com/product/35/%E0%B8%AB%E0%B8%8D%E0%B9%89%E0%B8%B2%E0%B9%80%E0%B8%97%E0%B8%B5%E0%B8%A2%E0%B8%A1-%E0%B8%A2%E0%B8%B2%E0%B8%A7-3-5%E0%B8%8B%E0%B8%A1-35%E0%B8%A1%E0%B8%B4%E0%B8%A5%E0%B8%A5%E0%B8%B4%E0%B9%80%E0%B8%A1%E0%B8%95%E0%B8%A3-%E0%B8%97%E0%B8%99%E0%B9%81%E0%B8%94%E0%B8%94-%E0%B8%97%E0%B8%99%E0%B8%9D%E0%B8%99-%E0%B8%A3%E0%B8%B2%E0%B8%84%E0%B8%B2%E0%B8%96%E0%B8%B9%E0%B8%81%E0%B8%97%E0%B8%B5%E0%B9%88%E0%B8%AA%E0%B8%B8%E0%B8%94,หญ้าเทียม ยาว 3.5ซม. (35มิลลิเมตร) ทนแดด ทนฝน ราคาถูกที่สุด - หินอ่อน.com | SIAM STONE แผ่นหินอ่อน หินแกรนิต : Inspired by LnwShop.com (v2),139,หญ้าเทียม ยาว 3.5ซม. (35มิลลิเมตร) ทนแดด ทนฝน | หินอ่อน.com,59,หญ้าเทียมความสูงขน 3.5 ซม. ขนตั้งฟูดูเป็นธรรมชาติ เหมาะกับสวนตกแต่งและมุมถ่ายภาพในบ้าน สอบถาม 065-567-8989,106,,หญ้าเทียม ความสูงขน 3.5 ซม. (35 มม.) หญ้าเทียมเส้นใยทนแดดทนฝน หน้ากว้าง 2 เมตร ตัดตามความยาว ยาวสุด 25 เมตรต่อม้วน ราคา 320 บาท/ตร.ม.,133,
https://www.xn--q3ca6cja3bzj.com/product/36/%E0%B8%AB%E0%B8%8D%E0%B9%89%E0%B8%B2%E0%B9%80%E0%B8%97%E0%B8%B5%E0%B8%A2%E0%B8%A1-%E0%B8%A2%E0%B8%B2%E0%B8%A7-4%E0%B8%8B%E0%B8%A1-40%E0%B8%A1%E0%B8%B4%E0%B8%A5%E0%B8%A5%E0%B8%B4%E0%B9%80%E0%B8%A1%E0%B8%95%E0%B8%A3-%E0%B8%97%E0%B8%99%E0%B9%81%E0%B8%94%E0%B8%94-%E0%B8%97%E0%B8%99%E0%B8%9D%E0%B8%99-%E0%B8%A3%E0%B8%B2%E0%B8%84%E0%B8%B2%E0%B8%96%E0%B8%B9%E0%B8%81%E0%B8%97%E0%B8%B5%E0%B9%88%E0%B8%AA%E0%B8%B8%E0%B8%94,หญ้าเทียม ยาว 4ซม. (40มิลลิเมตร) ทนแดด ทนฝน ราคาถูกที่สุด - หินอ่อน.com | SIAM STONE แผ่นหินอ่อน หินแกรนิต : Inspired by LnwShop.com (v2),137,หญ้าเทียม ยาว 4ซม. (40มิลลิเมตร) ทนแดด ทนฝน | หินอ่อน.com,57,หญ้าเทียมความสูงขน 4 ซม. ขนยาวฟูแน่นให้สัมผัสใกล้เคียงหญ้าจริง เหมาะกับสนามและลานกิจกรรม สอบถาม 065-567-8989,108,,หญ้าเทียม ความสูงขน 4 ซม. (40 มม.) หญ้าเทียมเส้นใยทนแดดทนฝน หน้ากว้าง 2 เมตร ตัดตามความยาว ยาวสุด 25 เมตรต่อม้วน ราคา 340 บาท/ตร.ม.,131,
https://www.xn--q3ca6cja3bzj.com/product/37/%E0%B8%AB%E0%B8%B4%E0%B8%99%E0%B8%AD%E0%B9%88%E0%B8%AD%E0%B8%99-%E0%B8%AA%E0%B9%82%E0%B8%99%E0%B8%A7%E0%B9%8C%E0%B9%84%E0%B8%A7%E0%B8%97%E0%B9%8C-%E0%B8%9A%E0%B8%A5%E0%B9%87%E0%B8%AD%E0%B8%84-%E0%B9%81%E0%B8%81%E0%B8%B0%E0%B8%AA%E0%B8%A5%E0%B8%B1%E0%B8%81-%E0%B8%A3%E0%B8%B2%E0%B8%84%E0%B8%B2%E0%B8%95%E0%B9%88%E0%B8%AD1%E0%B8%84%E0%B8%B4%E0%B8%A7%E0%B8%9A%E0%B8%B4%E0%B8%81%E0%B9%80%E0%B8%A1%E0%B8%95%E0%B8%A3,หินอ่อนสโนว์ไวท์ บล็อคแกะสลัก ราคาต่อคิวบิกเมตร - หินอ่อน.com | SIAM STONE แผ่นหินอ่อน หินแกรนิต : Inspired by LnwShop.com (v2),127,หินอ่อนสโนว์ไวท์ บล็อคแกะสลัก | หินอ่อน.com,43,จำหน่ายหินอ่อนสโนว์ไวท์บล็อคสำหรับงานแกะสลักและงานประติมากรรม คิดราคาต่อคิวบิกเมตร สอบถามโทร 065-567-8989,105,,"หินอ่อนสโนว์ไวท์ บล็อกแกะสลัก หินอ่อนก้อนใหญ่สีขาวบริสุทธิ์ ยังไม่ผ่านการตัดเป็นแผ่น สำหรับงานแกะสลักและงานประติมากรรมโดยเฉพาะ ราคา 80,000",138,
https://www.xn--q3ca6cja3bzj.com/product/38/%E0%B8%AB%E0%B8%B4%E0%B8%99%E0%B8%AD%E0%B9%88%E0%B8%AD%E0%B8%99-%E0%B9%80%E0%B8%82%E0%B8%B5%E0%B8%A2%E0%B8%A7%E0%B8%AD%E0%B8%B4%E0%B8%99%E0%B9%80%E0%B8%94%E0%B8%B5%E0%B8%A2-%E0%B8%9A%E0%B8%A5%E0%B9%87%E0%B8%AD%E0%B8%84-%E0%B9%81%E0%B8%81%E0%B8%B0%E0%B8%AA%E0%B8%A5%E0%B8%B1%E0%B8%81-%E0%B8%A3%E0%B8%B2%E0%B8%84%E0%B8%B2%E0%B8%95%E0%B9%88%E0%B8%AD1%E0%B8%84%E0%B8%B4%E0%B8%A7%E0%B8%9A%E0%B8%B4%E0%B8%81%E0%B9%80%E0%B8%A1%E0%B8%95%E0%B8%A3,หินอ่อน เขียวอินเดีย บล็อค แกะสลัก ราคาต่อ1คิวบิกเมตร - หินอ่อน.com | SIAM STONE แผ่นหินอ่อน หินแกรนิต : Inspired by LnwShop.com (v2),133,หินอ่อน เขียวอินเดีย บล็อค แกะสลัก | หินอ่อน.com,48,หินอ่อนเขียวอินเดียบล็อค เนื้อหินสีเขียวเข้ม เหมาะกับงานแกะสลักและงานตกแต่ง ราคาต่อ 1 คิวบิกเมตร สอบถามโทร 065-567-8989,119,,"หินอ่อนเขียวอินเดีย บล็อกแกะสลัก หินอ่อนก้อนใหญ่สีเขียวเข้ม มีลายขาวแทรก ก้อนขนาดใหญ่ถึง 260x172 ซม. สำหรับงานแกะสลักและงานประติมากรรม ราคา 120,000",147,
https://www.xn--q3ca6cja3bzj.com/product/39/%E0%B8%A5%E0%B8%B9%E0%B8%81%E0%B8%81%E0%B8%A3%E0%B8%87%E0%B8%AB%E0%B8%B4%E0%B8%99%E0%B8%AD%E0%B9%88%E0%B8%AD%E0%B8%99-%E0%B8%82%E0%B8%B2%E0%B8%A7-%E0%B8%82%E0%B8%99%E0%B8%B2%E0%B8%94%E0%B8%AA%E0%B8%B9%E0%B8%8760-%E0%B9%80%E0%B8%8B%E0%B8%99%E0%B8%95%E0%B8%B4%E0%B9%80%E0%B8%A1%E0%B8%95%E0%B8%A3,ลูกกรงหินอ่อน ขาว ขนาดสูง60 เซนติเมตร - หินอ่อน.com | SIAM STONE แผ่นหินอ่อน หินแกรนิต : Inspired by LnwShop.com (v2),117,ลูกกรงหินอ่อน ขาว ขนาดสูง60 เซนติเมตร | หินอ่อน.com,51,ลูกกรงหินอ่อนสีขาว สูง 60 ซม. กลึงลายเสาโค้งเนื้อหินอ่อนแท้สีขาว ใช้ทำราวระเบียง บันได และรั้วตกแต่งบ้าน สอบถามโทร 065-567-8989,127,,ลูกกรงหินอ่อนสีขาว สูง 60 ซม. ลูกกรงกลึงจากหินอ่อนแท้สีขาว ทรงเสาโค้งคอดกลางตามแบบคลาสสิก ไม่ใช่ปูนหล่อหรือไฟเบอร์ จึงมีน้ำหนักและผิวสัมผัสของหินจริง,149,
https://www.xn--q3ca6cja3bzj.com/product/40/%E0%B8%A5%E0%B8%B9%E0%B8%81%E0%B8%81%E0%B8%A3%E0%B8%87%E0%B8%AB%E0%B8%B4%E0%B8%99%E0%B8%AD%E0%B9%88%E0%B8%AD%E0%B8%99-%E0%B8%82%E0%B8%B2%E0%B8%A7-%E0%B8%82%E0%B8%99%E0%B8%B2%E0%B8%94%E0%B8%AA%E0%B8%B9%E0%B8%8770-%E0%B9%80%E0%B8%8B%E0%B8%99%E0%B8%95%E0%B8%B4%E0%B9%80%E0%B8%A1%E0%B8%95%E0%B8%A3,ลูกกรงหินอ่อน ขาว ขนาดสูง70 เซนติเมตร - หินอ่อน.com | SIAM STONE แผ่นหินอ่อน หินแกรนิต : Inspired by LnwShop.com (v2),117,ลูกกรงหินอ่อน ขาว ขนาดสูง70 เซนติเมตร | หินอ่อน.com,51,ลูกกรงสีขาว สูง 70 ซม. สำหรับงานราวระเบียง รั้วบ้าน และราวบันได สอบถามโทร 065-567-8989,86,,"ลูกกรงหินอ่อนสีขาว สูง 70 ซม. ลูกกรงกลึงจากหินอ่อนแท้สีขาว ทรงเสาโค้งคลาสสิก เป็นความสูงมากที่สุดในกลุ่มลูกกรงสีขาว ความสูง 70 ซม. ราคา 1,600 บาทต่อต้น",151,
https://www.xn--q3ca6cja3bzj.com/product/41/%E0%B8%A5%E0%B8%B9%E0%B8%81%E0%B8%81%E0%B8%A3%E0%B8%87%E0%B8%AB%E0%B8%B4%E0%B8%99%E0%B8%AD%E0%B9%88%E0%B8%AD%E0%B8%99-%E0%B8%82%E0%B8%B2%E0%B8%A7-%E0%B8%82%E0%B8%99%E0%B8%B2%E0%B8%94%E0%B8%AA%E0%B8%B9%E0%B8%8765-%E0%B9%80%E0%B8%8B%E0%B8%99%E0%B8%95%E0%B8%B4%E0%B9%80%E0%B8%A1%E0%B8%95%E0%B8%A3,ลูกกรงหินอ่อน ขาว ขนาดสูง65 เซนติเมตร - หินอ่อน.com | SIAM STONE แผ่นหินอ่อน หินแกรนิต : Inspired by LnwShop.com (v2),117,ลูกกรงหินอ่อน ขาว ขนาดสูง65 เซนติเมตร | หินอ่อน.com,51,ลูกกรงสีขาว สูง 65 ซม. ขนาดกะทัดรัด เหมาะกับราวระเบียง รั้วเตี้ย และราวบันไดบ้าน สอบถามโทร 065-567-8989,103,,"ลูกกรงหินอ่อนสีขาว สูง 65 ซม. ลูกกรงกลึงจากหินอ่อนแท้สีขาว ทรงเสาโค้งคลาสสิก เป็นความสูงกลางที่นิยมที่สุด ความสูง 65 ซม. ราคา 1,500 บาทต่อต้น",141,
https://www.xn--q3ca6cja3bzj.com/product/42/%E0%B8%A5%E0%B8%B9%E0%B8%81%E0%B8%81%E0%B8%A3%E0%B8%87%E0%B8%AB%E0%B8%B4%E0%B8%99%E0%B8%AD%E0%B9%88%E0%B8%AD%E0%B8%99-%E0%B9%80%E0%B8%82%E0%B8%B5%E0%B8%A2%E0%B8%A7%E0%B8%AD%E0%B8%B4%E0%B8%95%E0%B8%B2%E0%B8%A5%E0%B8%B5-%E0%B8%82%E0%B8%99%E0%B8%B2%E0%B8%94%E0%B8%AA%E0%B8%B9%E0%B8%8765-%E0%B9%80%E0%B8%8B%E0%B8%99%E0%B8%95%E0%B8%B4%E0%B9%80%E0%B8%A1%E0%B8%95%E0%B8%A3,ลูกกรงหินอ่อน เขียวอิตาลี ขนาดสูง65 เซนติเมตร - หินอ่อน.com | SIAM STONE แผ่นหินอ่อน หินแกรนิต : Inspired by LnwShop.com (v2),125,ลูกกรงหินอ่อน เขียวอิตาลี ขนาดสูง65 เซนติเมตร | หินอ่อน.com,59,ลูกกรงหินอ่อนเขียวอิตาลี สูง 65 ซม. งานกลึงแกะสลักประณีต แข็งแรงทนทาน เหมาะกับราวระเบียงและราวบันได สอบถามโทร 065-567-8989,122,,"ลูกกรงหินอ่อนเขียวอิตาลี สูง 65 ซม. ลูกกรงกลึงจากหินอ่อนเขียวอิตาลีแท้ สีเขียวเข้มมีเส้นแร่ขาวแทรก ทรงเสาโค้งคลาสสิก ความสูง 65 ซม. ราคา 2,000 บาทต่อต้น",152,
https://www.xn--q3ca6cja3bzj.com/product/43/%E0%B8%A5%E0%B8%B9%E0%B8%81%E0%B8%81%E0%B8%A3%E0%B8%87%E0%B8%AB%E0%B8%B4%E0%B8%99%E0%B8%AD%E0%B9%88%E0%B8%AD%E0%B8%99-%E0%B8%AA%E0%B9%89%E0%B8%A1%E0%B8%9F%E0%B8%A5%E0%B8%AD%E0%B9%80%E0%B8%A3%E0%B8%99%E0%B8%8B%E0%B9%8C-%E0%B8%82%E0%B8%99%E0%B8%B2%E0%B8%94%E0%B8%AA%E0%B8%B9%E0%B8%8765-%E0%B9%80%E0%B8%8B%E0%B8%99%E0%B8%95%E0%B8%B4%E0%B9%80%E0%B8%A1%E0%B8%95%E0%B8%A3,ลูกกรงหินอ่อน ส้มฟลอเรนซ์ ขนาดสูง65 เซนติเมตร - หินอ่อน.com | SIAM STONE แผ่นหินอ่อน หินแกรนิต : Inspired by LnwShop.com (v2),125,ลูกกรงหินอ่อน ส้มฟลอเรนซ์ ขนาดสูง65 เซนติเมตร | หินอ่อน.com,59,ลูกกรงสีส้มฟลอเรนซ์ สูง 65 ซม. โทนส้มอิฐอบอุ่น เหมาะกับงานราวระเบียง รั้วบ้าน และราวบันไดสไตล์คลาสสิก สอบถามโทร 065-567-8989,124,,"ลูกกรงหินอ่อนส้มฟลอเรนซ์ สูง 65 ซม. ลูกกรงกลึงจากหินอ่อนโทนส้มครีม สีอบอุ่นแบบอิตาลีคลาสสิก ทรงเสาโค้งคอดกลาง ความสูง 65 ซม. ราคา 2,000 บาทต่อต้น",145,
https://www.xn--q3ca6cja3bzj.com/product/44/%E0%B9%80%E0%B8%AA%E0%B8%B2%E0%B9%82%E0%B8%8A%E0%B8%A7%E0%B9%8C%E0%B9%80%E0%B8%AB%E0%B8%A5%E0%B8%B5%E0%B9%88%E0%B8%A2%E0%B8%A1-%E0%B8%82%E0%B8%99%E0%B8%B2%E0%B8%94-%E0%B8%AA%E0%B8%B9%E0%B8%87-80-%E0%B9%80%E0%B8%8B%E0%B8%99%E0%B8%95%E0%B8%B4%E0%B9%80%E0%B8%A1%E0%B8%95%E0%B8%A3-%E0%B8%AB%E0%B8%B4%E0%B8%99%E0%B8%AD%E0%B9%88%E0%B8%AD%E0%B8%99%E0%B9%84%E0%B8%A7%E0%B8%97%E0%B9%8C%E0%B8%84%E0%B8%B2%E0%B8%A3%E0%B8%B2%E0%B8%A3%E0%B9%88%E0%B8%B2,เสาโชว์เหลี่ยม ขนาด สูง 80 เซนติเมตร หินอ่อนไวท์คาราร่า - หินอ่อน.com | SIAM STONE แผ่นหินอ่อน หินแกรนิต : Inspired by LnwShop.com (v2),135,เสาโชว์เหลี่ยม ขนาด สูง 80 หินอ่อนไวท์คาราร่า | หินอ่อน.com,59,เสาโชว์เหลี่ยม ขนาด สูง 80 เซนติเมตร หินอ่อนไวท์คาราร่า ไวท์คาราร่า ( White Carrara ) ประเภท: หินอ่อน สี : ขาว คุณลักษณะ : เป็นหินที่มีสีสันสวย เนื้อห...,153,,"เสาโชว์หินอ่อนไวท์คาราร่า ทรงเหลี่ยม สูง 80 ซม. เสาตั้งโชว์แกะจากหินอ่อนไวท์คาราร่านำเข้าจากอิตาลี ทรงสี่เหลี่ยมเรียบ ผิวขัดมัน ความสูง 80 ซม. ราคา 12,000",154,
https://www.xn--q3ca6cja3bzj.com/product/45/%E0%B9%80%E0%B8%AA%E0%B8%B2%E0%B9%82%E0%B8%8A%E0%B8%A7%E0%B9%8C%E0%B9%80%E0%B8%AB%E0%B8%A5%E0%B8%B5%E0%B9%88%E0%B8%A2%E0%B8%A1-%E0%B8%82%E0%B8%99%E0%B8%B2%E0%B8%94-%E0%B8%AA%E0%B8%B9%E0%B8%87-100-%E0%B9%80%E0%B8%8B%E0%B8%99%E0%B8%95%E0%B8%B4%E0%B9%80%E0%B8%A1%E0%B8%95%E0%B8%A3-%E0%B8%AB%E0%B8%B4%E0%B8%99%E0%B8%AD%E0%B9%88%E0%B8%AD%E0%B8%99%E0%B9%84%E0%B8%A7%E0%B8%97%E0%B9%8C%E0%B8%84%E0%B8%B2%E0%B8%A3%E0%B8%B2%E0%B8%A3%E0%B9%88%E0%B8%B2,เสาโชว์เหลี่ยม ขนาด สูง 100 เซนติเมตร หินอ่อนไวท์คาราร่า - หินอ่อน.com | SIAM STONE แผ่นหินอ่อน หินแกรนิต : Inspired by LnwShop.com (v2),136,เสาโชว์เหลี่ยม ขนาด สูง หินอ่อนไวท์คาราร่า | หินอ่อน.com,56,เสาโชว์หินอ่อนไวท์คาราร่า สูง 100 ซม. ผิวขัดเงาลายเทาสวยหรู เหมาะสำหรับตั้งโชว์แจกันและงานตกแต่งภายใน สอบถามโทร 065-567-8989,124,,เสาโชว์หินอ่อนไวท์คาราร่า ทรงเหลี่ยม สูง 100 ซม. เสาตั้งโชว์แกะจากหินอ่อนไวท์คาราร่านำเข้าจากอิตาลี ทรงสี่เหลี่ยมเรียบ ผิวขัดมัน ความสูง 100 ซม. ราคา,149,
https://www.xn--q3ca6cja3bzj.com/product/46/%E0%B9%80%E0%B8%AA%E0%B8%B2%E0%B9%82%E0%B8%8A%E0%B8%A7%E0%B9%8C%E0%B9%80%E0%B8%AB%E0%B8%A5%E0%B8%B5%E0%B9%88%E0%B8%A2%E0%B8%A1-%E0%B8%82%E0%B8%99%E0%B8%B2%E0%B8%94-%E0%B8%AA%E0%B8%B9%E0%B8%87-120-%E0%B9%80%E0%B8%8B%E0%B8%99%E0%B8%95%E0%B8%B4%E0%B9%80%E0%B8%A1%E0%B8%95%E0%B8%A3-%E0%B8%AB%E0%B8%B4%E0%B8%99%E0%B8%AD%E0%B9%88%E0%B8%AD%E0%B8%99%E0%B9%80%E0%B8%82%E0%B8%B5%E0%B8%A2%E0%B8%A7%E0%B8%AD%E0%B8%B4%E0%B8%95%E0%B8%B2%E0%B8%A5%E0%B8%B5,เสาโชว์เหลี่ยม ขนาด สูง 120 เซนติเมตร หินอ่อนเขียวอิตาลี - หินอ่อน.com | SIAM STONE แผ่นหินอ่อน หินแกรนิต : Inspired by LnwShop.com (v2),136,เสาโชว์เหลี่ยม ขนาด สูง 120 เซนติเมตร | หินอ่อน.com,51,เสาโชว์หินอ่อนเขียวอิตาลี สูง 120 ซม. ผิวขัดเงาสีเขียวเข้ม เหมาะสำหรับตั้งโชว์แจกันและงานตกแต่งภายใน สอบถามโทร 065-567-8989,123,,"เสาโชว์หินอ่อนเขียวอิตาลี ทรงเหลี่ยม สูง 120 ซม. เสาตั้งโชว์แกะจากหินอ่อนเขียวอิตาลีแท้ เป็นความสูงมากที่สุดในกลุ่มเสาโชว์ ความสูง 120 ซม. ราคา 16,000",150,
https://www.xn--q3ca6cja3bzj.com/product/47/%E0%B9%80%E0%B8%AA%E0%B8%B2%E0%B9%82%E0%B8%8A%E0%B8%A7%E0%B9%8C%E0%B9%80%E0%B8%AB%E0%B8%A5%E0%B8%B5%E0%B9%88%E0%B8%A2%E0%B8%A1-%E0%B8%82%E0%B8%99%E0%B8%B2%E0%B8%94-%E0%B8%AA%E0%B8%B9%E0%B8%87-100-%E0%B9%80%E0%B8%8B%E0%B8%99%E0%B8%95%E0%B8%B4%E0%B9%80%E0%B8%A1%E0%B8%95%E0%B8%A3-%E0%B8%AB%E0%B8%B4%E0%B8%99%E0%B8%AD%E0%B9%88%E0%B8%AD%E0%B8%99%E0%B9%80%E0%B8%82%E0%B8%B5%E0%B8%A2%E0%B8%A7%E0%B8%AD%E0%B8%B4%E0%B8%95%E0%B8%B2%E0%B8%A5%E0%B8%B5,เสาโชว์เหลี่ยม ขนาด สูง 100 เซนติเมตร หินอ่อนเขียวอิตาลี - หินอ่อน.com | SIAM STONE แผ่นหินอ่อน หินแกรนิต : Inspired by LnwShop.com (v2),136,เสาโชว์เหลี่ยม ขนาด สูง หินอ่อนเขียวอิตาลี | หินอ่อน.com,56,เสาโชว์หินอ่อนเขียวอิตาลี สูง 100 ซม. ผิวขัดเงาสีเขียวเข้ม เหมาะสำหรับตั้งโชว์แจกันและงานตกแต่งภายใน สอบถามโทร 065-567-8989,123,,"เสาโชว์หินอ่อนเขียวอิตาลี ทรงเหลี่ยม สูง 100 ซม. เสาตั้งโชว์แกะจากหินอ่อนเขียวอิตาลีแท้ สีเขียวเข้มลายขาว ผิวขัดมัน ความสูง 100 ซม. ราคา 14,000 บาทต่อต้น",153,
https://www.xn--q3ca6cja3bzj.com/product/48/%E0%B9%80%E0%B8%AA%E0%B8%B2%E0%B9%82%E0%B8%8A%E0%B8%A7%E0%B9%8C%E0%B9%80%E0%B8%AB%E0%B8%A5%E0%B8%B5%E0%B9%88%E0%B8%A2%E0%B8%A1-%E0%B8%82%E0%B8%99%E0%B8%B2%E0%B8%94-%E0%B8%AA%E0%B8%B9%E0%B8%87-80-%E0%B9%80%E0%B8%8B%E0%B8%99%E0%B8%95%E0%B8%B4%E0%B9%80%E0%B8%A1%E0%B8%95%E0%B8%A3-%E0%B8%AB%E0%B8%B4%E0%B8%99%E0%B8%AD%E0%B9%88%E0%B8%AD%E0%B8%99%E0%B9%80%E0%B8%82%E0%B8%B5%E0%B8%A2%E0%B8%A7%E0%B8%AD%E0%B8%B4%E0%B8%95%E0%B8%B2%E0%B8%A5%E0%B8%B5,เสาโชว์เหลี่ยม ขนาด สูง 80 เซนติเมตร หินอ่อนเขียวอิตาลี - หินอ่อน.com | SIAM STONE แผ่นหินอ่อน หินแกรนิต : Inspired by LnwShop.com (v2),135,เสาโชว์เหลี่ยม ขนาด สูง 80 หินอ่อนเขียวอิตาลี | หินอ่อน.com,59,เสาโชว์หินอ่อนเขียวอิตาลี สูง 80 ซม. ผิวขัดเงาสีเขียวเข้ม เหมาะสำหรับตั้งโชว์แจกันและงานตกแต่งภายใน สอบถามโทร 065-567-8989,122,,เสาโชว์หินอ่อนเขียวอิตาลี ทรงเหลี่ยม สูง 80 ซม. เสาตั้งโชว์แกะจากหินอ่อนเขียวอิตาลีแท้ สีเขียวเข้มมีเส้นแร่ขาว ทรงสี่เหลี่ยมเรียบ ผิวขัดมัน ความสูง 80 ซม.,154,
https://www.xn--q3ca6cja3bzj.com/product/49/%E0%B8%AB%E0%B8%B4%E0%B8%99%E0%B8%81%E0%B8%A3%E0%B8%A7%E0%B8%94%E0%B9%81%E0%B8%95%E0%B9%88%E0%B8%87%E0%B8%AA%E0%B8%A7%E0%B8%99-%E0%B8%AA%E0%B8%B5%E0%B8%82%E0%B8%B2%E0%B8%A7-%E0%B8%AB%E0%B8%B4%E0%B8%99%E0%B8%AD%E0%B9%88%E0%B8%AD%E0%B8%99-%E0%B8%82%E0%B8%99%E0%B8%B2%E0%B8%94-%E0%B9%80%E0%B8%A5%E0%B9%87%E0%B8%81-s,หินกรวดแต่งสวน สีขาว หินอ่อน ขนาดเล็ก S โรยสวน - หินอ่อน.com | SIAM STONE แผ่นหินอ่อน หินแกรนิต : Inspired by LnwShop.com (v2),126,หินกรวดแต่งสวน สีขาว หินอ่อน ขนาดเล็ก S โรยสวน | หินอ่อน.com,60,หินกรวดแต่งสวนหินอ่อนสีขาว ขนาดเล็ก S ใช้โรยแปลงต้นไม้ สวนหย่อม และทางเดินในบ้าน โทร 065-567-8989,97,,หินกรวดแต่งสวน สีขาว ขนาดเล็ก (S) กรวดหินอ่อนสีขาว คัดขนาดเล็ก ผิวมนไม่บาดมือ สำหรับงานตกแต่งสวนและภูมิทัศน์ ราคา 25 บาทต่อกิโลกรัม,131,
https://www.xn--q3ca6cja3bzj.com/product/5/%E0%B8%AB%E0%B8%B4%E0%B8%99%E0%B8%AD%E0%B9%88%E0%B8%AD%E0%B8%99-%E0%B9%84%E0%B8%A7%E0%B8%97%E0%B9%8C%E0%B8%A7%E0%B8%B2%E0%B8%A3%E0%B8%B2%E0%B8%81%E0%B8%B1%E0%B8%AA-white-volakas-marble-wvm-%E0%B8%82%E0%B8%99%E0%B8%B2%E0%B8%94%E0%B8%AA%E0%B8%B1%E0%B9%88%E0%B8%87%E0%B8%95%E0%B8%B1%E0%B8%94,หินอ่อนไวท์วารากัส White Volakas Marble สั่งตัด - หินอ่อน.com | SIAM STONE แผ่นหินอ่อน หินแกรนิต : Inspired by LnwShop.com (v2),127,หินอ่อนไวท์วารากัส White Volakas Marble | หินอ่อน.com,53,หินอ่อนไวท์วารากัส (WVM) สั่งตัดตามขนาด สำหรับงานปูพื้นและตกแต่ง สอบถาม 065-567-8989,84,,หินอ่อนไวท์วอลาคัส (White Volakas Marble — WVM) หินอ่อนนำเข้าจากเมืองวอลาคัส ประเทศกรีซ โทนขาวสว่าง เส้นแร่สีเทาอมม่วงวิ่งเป็นทาง,129,
https://www.xn--q3ca6cja3bzj.com/product/52/%E0%B8%AB%E0%B8%B4%E0%B8%99%E0%B8%81%E0%B8%A3%E0%B8%A7%E0%B8%94%E0%B9%81%E0%B8%95%E0%B9%88%E0%B8%87%E0%B8%AA%E0%B8%A7%E0%B8%99-%E0%B8%AA%E0%B8%B5%E0%B8%82%E0%B8%B2%E0%B8%A7-%E0%B8%AB%E0%B8%B4%E0%B8%99%E0%B8%AD%E0%B9%88%E0%B8%AD%E0%B8%99-%E0%B8%82%E0%B8%99%E0%B8%B2%E0%B8%94-%E0%B8%81%E0%B8%A5%E0%B8%B2%E0%B8%87-m-%E0%B8%A3%E0%B8%B2%E0%B8%84%E0%B8%B2%E0%B8%95%E0%B9%88%E0%B8%AD%E0%B8%81%E0%B8%B4%E0%B9%82%E0%B8%A5%E0%B8%81%E0%B8%A3%E0%B8%B1%E0%B8%A1,หินกรวดแต่งสวน สีขาว หินอ่อน ขนาด กลาง M (ราคาต่อกิโลกรัม) - หินอ่อน.com | SIAM STONE แผ่นหินอ่อน หินแกรนิต : Inspired by LnwShop.com (v2),138,หินกรวดแต่งสวน ขนาด กลาง M (ราคาต่อกิโลกรัม) | หินอ่อน.com,58,หินกรวดแต่งสวนสีขาว ขนาดกลาง M คัดขนาดสม่ำเสมอ เหมาะกับงานจัดสวน โรยพื้นทางเดิน และตกแต่งบ่อน้ำ สอบถามโทร 065-567-8989,118,,หินกรวดแต่งสวน สีขาว ขนาดกลาง (M) กรวดหินอ่อนสีขาว เม็ดกลมมนผิวเรียบ ขนาดกลางที่ใช้งานได้หลากหลายที่สุด ราคา 28 บาทต่อกิโลกรัม เหมาะกับการโรยสวนหิน,147,
https://www.xn--q3ca6cja3bzj.com/product/53/%E0%B8%AB%E0%B8%B4%E0%B8%99%E0%B8%81%E0%B8%A3%E0%B8%A7%E0%B8%94%E0%B9%81%E0%B8%95%E0%B9%88%E0%B8%87%E0%B8%AA%E0%B8%A7%E0%B8%99-%E0%B8%AA%E0%B8%B5%E0%B8%82%E0%B8%B2%E0%B8%A7-%E0%B8%AB%E0%B8%B4%E0%B8%99%E0%B8%AD%E0%B9%88%E0%B8%AD%E0%B8%99-%E0%B8%82%E0%B8%99%E0%B8%B2%E0%B8%94-%E0%B9%83%E0%B8%AB%E0%B8%8D%E0%B9%88-xl,หินกรวดแต่งสวน สีขาว หินอ่อน ขนาด ใหญ่ XL - หินอ่อน.com | SIAM STONE แผ่นหินอ่อน หินแกรนิต : Inspired by LnwShop.com (v2),121,หินกรวดแต่งสวน สีขาว หินอ่อน ขนาด ใหญ่ XL | หินอ่อน.com,55,หินกรวดแต่งสวนสีขาว ขนาดใหญ่ XL ก้อนกลมมนผิวเรียบสีขาวธรรมชาติ เหมาะโรยตกแต่งสวน จัดสวนหิน และรอบบ่อน้ำ สอบถามโทร 065-567-8989,126,,หินกรวดแต่งสวน สีขาว ขนาดใหญ่ (XL) กรวดหินอ่อนสีขาว เม็ดกลมมนขนาดใหญ่ ผิวเรียบ เห็นรูปทรงของเม็ดกรวดชัดเจน ราคา 30 บาทต่อกิโลกรัม,129,
https://www.xn--q3ca6cja3bzj.com/product/54/%E0%B8%AB%E0%B8%B4%E0%B8%99%E0%B8%9B%E0%B8%B9%E0%B8%AA%E0%B8%A3%E0%B8%B0%E0%B8%A7%E0%B9%88%E0%B8%B2%E0%B8%A2%E0%B8%99%E0%B9%89%E0%B8%B3-%E0%B8%82%E0%B8%99%E0%B8%B2%E0%B8%941010cm-%E0%B8%AB%E0%B8%B4%E0%B8%99%E0%B8%AD%E0%B9%88%E0%B8%AD%E0%B8%99%E0%B8%9B%E0%B8%B9%E0%B8%AA%E0%B8%A3%E0%B8%B0%E0%B8%A7%E0%B9%88%E0%B8%B2%E0%B8%A2%E0%B8%99%E0%B9%89%E0%B8%B3%E0%B8%9A%E0%B8%A5%E0%B8%B9%E0%B9%81%E0%B8%8B%E0%B8%99%E0%B8%94%E0%B9%8C-pbs,หินปูสระว่ายน้ำ บลูแซนด์ 10x10 ซม. (PBS) - หินอ่อน.com | SIAM STONE แผ่นหินอ่อน หินแกรนิต : Inspired by LnwShop.com (v2),120,หินปูสระว่ายน้ำ บลูแซนด์ 10x10 ซม. (PBS) | หินอ่อน.com,54,หินอ่อนปูสระว่ายน้ำสีบลูแซนด์ ขนาด 10x10 ซม. ผิวกันลื่น สอบถาม 065-567-8989,75,,"หินปูสระว่ายน้ำ ขนาด 10x10 ซม. หินอ่อนบลูแซนด์ (PBS) หินอ่อนโทนเทาอมฟ้าอ่อน ตัดเป็นแผ่นเล็ก 10x10 ซม. สำหรับขอบและพื้นรอบสระว่ายน้ำ ราคา 1,400 บาท/ตร.ม.",152,
https://www.xn--q3ca6cja3bzj.com/product/55/%E0%B8%AB%E0%B8%B4%E0%B8%99%E0%B8%9B%E0%B8%B9%E0%B8%AA%E0%B8%A3%E0%B8%B0%E0%B8%A7%E0%B9%88%E0%B8%B2%E0%B8%A2%E0%B8%99%E0%B9%89%E0%B8%B3-%E0%B8%82%E0%B8%99%E0%B8%B2%E0%B8%942020cm-%E0%B8%AB%E0%B8%B4%E0%B8%99%E0%B8%AD%E0%B9%88%E0%B8%AD%E0%B8%99%E0%B8%82%E0%B8%B2%E0%B8%A7%E0%B9%80%E0%B8%97%E0%B8%B2%E0%B8%A5%E0%B8%B2%E0%B8%A2%E0%B9%80%E0%B8%A1%E0%B8%86-pws,หินปูสระว่ายน้ำ 20x20 ซม. ขาวเทาลายเมฆ - หินอ่อน.com | SIAM STONE แผ่นหินอ่อน หินแกรนิต : Inspired by LnwShop.com (v2),118,หินปูสระว่ายน้ำ 20x20 ซม. ขาวเทาลายเมฆ | หินอ่อน.com,52,หินอ่อนขาวเทาลายเมฆสำหรับปูสระว่ายน้ำ ขนาด 20x20 ซม. สอบถาม 065-567-8989,72,,"หินปูสระว่ายน้ำ ขนาด 20x20 ซม. หินอ่อนขาวเทาลายเมฆ (PWS) หินอ่อนโทนขาวเทาลายเมฆ ตัดเป็นแผ่น 20x20 ซม. สำหรับพื้นและขอบสระว่ายน้ำ ราคา 1,500 บาท/ตร.ม. แผ่น",154,
https://www.xn--q3ca6cja3bzj.com/product/56/%E0%B8%AB%E0%B8%B4%E0%B8%99%E0%B9%81%E0%B8%81%E0%B8%A3%E0%B8%99%E0%B8%B4%E0%B8%95%E0%B8%82%E0%B8%B2%E0%B8%A7%E0%B8%A7%E0%B8%B4%E0%B8%99%E0%B9%80%E0%B8%8B%E0%B8%99%E0%B8%95%E0%B9%8C-vincent-white-granite-vg-%E0%B8%9E%E0%B8%B7%E0%B9%89%E0%B8%99%E0%B8%9C%E0%B8%B4%E0%B8%A7-%E0%B8%9E%E0%B9%88%E0%B8%99%E0%B9%84%E0%B8%9F-60x60%E0%B9%80%E0%B8%8B%E0%B8%99%E0%B8%95%E0%B8%B4%E0%B9%80%E0%B8%A1%E0%B8%95%E0%B8%A3,หินแกรนิตขาววินเซนต์ Vincent White Granite (VG) พื้นผิว พ่นไฟ 60x60เซนติเมตร - หินอ่อน.com | SIAM STONE แผ่นหินอ่อน หินแกรนิต : Inspired by LnwShop.com (v2),156,หินแกรนิตขาววินเซนต์ พ่นไฟ 60x60เซนติเมตร | หินอ่อน.com,55,กระเบื้อง Vincent White ผิวพ่นไฟ ขนาด 60x60 ซม. แผ่นใหญ่ต่อรอยน้อย ผิวหยาบกันลื่น เหมาะปูพื้นภายนอกและรอบสระ สอบถาม 065-567-8989,128,,หินแกรนิตขาววินเซนต์ ผิวพ่นไฟ (Vincent White Granite — VG) ขนาด 60x60 ซม. แผ่นใหญ่สำหรับพื้นที่กว้าง โทนเทาขาว ลายคลื่นพลิ้ว ผิวพ่นไฟกันลื่น ขนาด 60x60,151,
https://www.xn--q3ca6cja3bzj.com/product/57/%E0%B8%AB%E0%B8%B4%E0%B8%99%E0%B8%AD%E0%B9%88%E0%B8%AD%E0%B8%99-%E0%B8%82%E0%B8%B2%E0%B8%A7%E0%B8%AB%E0%B8%B4%E0%B8%A1%E0%B8%B2%E0%B8%A5%E0%B8%B1%E0%B8%A2-himalayan-white-marble-hwm-6060%E0%B9%80%E0%B8%8B%E0%B8%99%E0%B8%95%E0%B8%B4%E0%B9%80%E0%B8%A1%E0%B8%95%E0%B8%A3,หินอ่อนขาวหิมาลัย Himalayan White Marble 60x60 ซม. - หินอ่อน.com | SIAM STONE แผ่นหินอ่อน หินแกรนิต : Inspired by LnwShop.com (v2),130,หินอ่อนขาวหิมาลัย Himalayan White 60x60 ซม. | หินอ่อน.com,57,แผ่นหินอ่อนขาวหิมาลัย ขนาด 60x60 เซนติเมตร สำหรับปูพื้นและผนัง สอบถาม 065-567-8989,82,,หินอ่อนขาวหิมาลัย (Himalayan White Marble — HWM) ขนาด 60x60 ซม. แผ่นใหญ่สำหรับงานปูพื้นพื้นที่กว้าง โทนขาวเนื้อละเอียด ลายน้อย ผิวขัดมัน ขนาด 60x60 ซม.,151,
https://www.xn--q3ca6cja3bzj.com/product/58/%E0%B8%AB%E0%B8%B4%E0%B8%99%E0%B9%81%E0%B8%81%E0%B8%A3%E0%B8%99%E0%B8%B4%E0%B8%95%E0%B8%82%E0%B8%B2%E0%B8%A7%E0%B8%A7%E0%B8%B4%E0%B8%99%E0%B9%80%E0%B8%8B%E0%B8%99%E0%B8%95%E0%B9%8C-vincent-white-granite-vg-%E0%B8%9E%E0%B8%B7%E0%B9%89%E0%B8%99%E0%B8%9C%E0%B8%B4%E0%B8%A7-%E0%B8%9E%E0%B9%88%E0%B8%99%E0%B9%84%E0%B8%9F,หินแกรนิตขาววินเซนต์ Vincent White Granite (VG) พื้นผิว พ่นไฟ - หินอ่อน.com | SIAM STONE แผ่นหินอ่อน หินแกรนิต : Inspired by LnwShop.com (v2),141,หินแกรนิตขาววินเซนต์ Vincent White พ่นไฟ | หินอ่อน.com,54,หินแกรนิตขาว Vincent White ผิวพ่นไฟ โทนขาวสว่าง ผิวหยาบเดินไม่ลื่น สำหรับงานปูพื้นและบันไดภายนอก สอบถาม 065-567-8989,116,,"หินแกรนิตขาววินเซนต์ ผิวพ่นไฟ (Vincent White Granite — VG) แบบสั่งตัด สำหรับงานที่ขนาดมาตรฐานไม่ลงตัว โทนเทาขาว ลายคลื่นพลิ้ว ผิวพ่นไฟกันลื่น ราคา 3,700",152,
https://www.xn--q3ca6cja3bzj.com/product/6/%E0%B8%AB%E0%B8%B4%E0%B8%99%E0%B8%AD%E0%B9%88%E0%B8%AD%E0%B8%99%E0%B8%94%E0%B8%B3%E0%B8%9E%E0%B8%A3%E0%B8%B0%E0%B8%A5%E0%B8%B2%E0%B8%99-phalan-balack-hpb,หินอ่อนดำพระลาน Phalan Black Marble (HPB) - หินอ่อน.com | SIAM STONE แผ่นหินอ่อน หินแกรนิต : Inspired by LnwShop.com (v2),121,หินอ่อนดำพระลาน Phalan Black Marble (HPB) | หินอ่อน.com,55,หินอ่อนดำพระลาน หินไทยโทนดำ เหมาะกับงานปูผนังและตกแต่ง สอบถาม 065-567-8989,74,,หินอ่อนดำพระลาน (Phalan Black — HPB) หินอ่อนไทยจากแหล่งพระลาน สระบุรี โทนดำเทา มีเส้นแร่สีขาวเทาแทรกเป็นธรรมชาติ ผิวขัดมัน,122,
https://www.xn--q3ca6cja3bzj.com/product/62/%E0%B8%AB%E0%B8%B4%E0%B8%99%E0%B8%AD%E0%B9%88%E0%B8%AD%E0%B8%99-%E0%B8%82%E0%B8%B2%E0%B8%A7%E0%B8%AB%E0%B8%B4%E0%B8%A1%E0%B8%B2%E0%B8%A5%E0%B8%B1%E0%B8%A2-himalayan-white-marble,หินอ่อนขาวหิมาลัย Himalayan White Marble ทุกขนาด - หินอ่อน.com | SIAM STONE แผ่นหินอ่อน หินแกรนิต : Inspired by LnwShop.com (v2),128,หินอ่อนขาวหิมาลัย Himalayan White ทุกขนาด | หินอ่อน.com,55,หินอ่อนขาวหิมาลัย มีหลายขนาดให้เลือก เหมาะกับงานปูพื้นและผนัง สอบถาม 065-567-8989,81,,หินอ่อนขาวหิมาลัย (Himalayan White Marble — HWM) แบบสั่งตัด หน้ากว้างไม่เกิน 60 ซม. สำหรับงานที่ขนาดมาตรฐานตอบโจทย์ไม่ได้ โทนขาวเนื้อละเอียด ลายน้อย,148,
https://www.xn--q3ca6cja3bzj.com/product/66/%E0%B9%81%E0%B8%81%E0%B8%A3%E0%B8%99%E0%B8%B4%E0%B8%95%E0%B8%AA%E0%B8%B5%E0%B8%94%E0%B8%B3%E0%B9%80%E0%B8%81%E0%B8%A5%E0%B9%87%E0%B8%94%E0%B8%97%E0%B8%AD%E0%B8%87-%E0%B8%82%E0%B8%99%E0%B8%B2%E0%B8%9460x60%E0%B8%8B-%E0%B8%A1,แกรนิตสีดำเกล็ดทอง 60x60 ซม. หินปูพื้นเงางาม - หินอ่อน.com | SIAM STONE แผ่นหินอ่อน หินแกรนิต : Inspired by LnwShop.com (v2),124,แกรนิตสีดำเกล็ดทอง 60x60 ซม. หินปูพื้นเงางาม | หินอ่อน.com,58,แกรนิตสีดำเกล็ดทองขนาด 60x60 ซม. ผิวขัดเงา เหมาะปูพื้นและผนังบ้าน แข็งแรงทนทาน สอบถามราคา โทร 065-567-8989,106,,หินแกรนิตดำเกล็ดทอง ขนาด 60x60 ซม. หินแกรนิตพื้นสีดำ มีเกล็ดแร่สีทองและทองแดงกระจายทั่วเนื้อหิน เวลาโดนแสงจะเห็นประกายวิบวับ ผิวขัดเงา ขนาด 60x60 ซม. ราคา,154,
https://www.xn--q3ca6cja3bzj.com/product/67/%E0%B8%AB%E0%B8%B4%E0%B8%99%E0%B9%81%E0%B8%81%E0%B8%A3%E0%B8%99%E0%B8%B4%E0%B8%95%E0%B8%94%E0%B8%B3%E0%B9%80%E0%B8%81%E0%B8%A5%E0%B9%87%E0%B8%94%E0%B8%97%E0%B8%AD%E0%B8%87-glx-%E0%B8%82%E0%B8%99%E0%B8%B2%E0%B8%946060%E0%B8%8B%E0%B8%A1,หินแกรนิตดำเกล็ดทอง GLX ขนาด 60x60 ซม. ผิวขัดเงา - หินอ่อน.com | SIAM STONE แผ่นหินอ่อน หินแกรนิต : Inspired by LnwShop.com (v2),128,หินแกรนิตดำเกล็ดทอง GLX ขนาด 60x60 ซม. | หินอ่อน.com,52,หินแกรนิตดำเกล็ดทอง GLX ผิวขัดเงา เกล็ดทองประกาย เหมาะปูพื้นและผนังทั้งภายในและภายนอก โทร 065-567-8989,102,,หินแกรนิตดำเกล็ดทอง GLX ขนาด 60x60 ซม. หินแกรนิตพื้นดำสนิท เกล็ดแร่สีทองกระจายละเอียดสม่ำเสมอทั้งแผ่น ผิวขัดเงาลึก เป็นเกรดที่เกล็ดกระจายสม่ำเสมอกว่ารุ่นทั,155,
https://www.xn--q3ca6cja3bzj.com/product/68/flex-stone-light-travertine,FLEX STONE LIGHT TRAVERTINE แผ่นหินยืดหยุ่นติดผนัง - หินอ่อน.com | SIAM STONE แผ่นหินอ่อน หินแกรนิต : Inspired by LnwShop.com (v2),130,FLEX STONE LIGHT TRAVERTINE | หินอ่อน.com,41,แผ่นหินยืดหยุ่น FLEX STONE ลาย Light Travertine ขนาด 1200x600 มม. น้ำหนักเบา ติดตั้งง่ายบนผนัง โทร 065-567-8989,111,,FLEX STONE Light Travertine แผ่นหินยืดหยุ่นลายทราเวอร์ทีนสีครีมอมเบจ ผลิตจากดินเหนียวดัดแปลง (MCM) ให้ผิวสัมผัสและลายเหมือนหินทราเวอร์ทีนจริง,141,
https://www.xn--q3ca6cja3bzj.com/product/69/%E0%B8%9E%E0%B8%B7%E0%B9%89%E0%B8%99-spc-4mm-%E0%B8%A5%E0%B8%B2%E0%B8%A2%E0%B9%84%E0%B8%A1%E0%B9%89-%E0%B8%A3%E0%B8%B0%E0%B8%9A%E0%B8%9A-click-lock,พื้น SPC 4 มม. ลายไม้ กันน้ำ ปูพื้นภายในบ้าน - หินอ่อน.com | SIAM STONE แผ่นหินอ่อน หินแกรนิต : Inspired by LnwShop.com (v2),124,พื้น SPC 4 มม. ลายไม้ กันน้ำ ปูพื้นภายในบ้าน | หินอ่อน.com,58,พื้น SPC หนา 4 มม. ลายไม้ ระบบคลิกล็อก กันน้ำ ปลวกไม่กิน ติดตั้งง่ายในบ้านและคอนโด โทร 065-567-8989,99,,พื้น SPC หนา 4 มม. ลายไม้สีเทาอ่อน ระบบคลิกล็อก พื้นไวนิลแกนแข็ง (Stone Plastic Composite) ลายไม้สีเทาอ่อนโทนโมเดิร์น ติดตั้งด้วยระบบคลิกล็อกไม่ต้องใช้กาว,154,
https://www.xn--q3ca6cja3bzj.com/product/7/%E0%B8%AB%E0%B8%B4%E0%B8%99%E0%B8%AD%E0%B9%88%E0%B8%AD%E0%B8%99-%E0%B9%84%E0%B8%A7%E0%B8%97%E0%B9%8C%E0%B8%84%E0%B8%B2%E0%B8%A3%E0%B8%B2%E0%B8%A3%E0%B9%88%E0%B8%B2-white-carrara-marble-wcm,หินอ่อนไวท์คาราร่า White Carrara Marble (WCM) - หินอ่อน.com | SIAM STONE แผ่นหินอ่อน หินแกรนิต : Inspired by LnwShop.com (v2),125,หินอ่อนไวท์คาราร่า White Carrara Marble (WCM) | หินอ่อน.com,59,หินอ่อนไวท์คาราร่านำเข้า พื้นขาวลายเทา นิยมทำท็อปและปูพื้น สอบถาม 065-567-8989,78,,หินอ่อนไวท์คาราร่า (White Carrara Marble — WCM) หินอ่อนนำเข้าจากเมืองคาราร่า ประเทศอิตาลี หินอ่อนที่มีชื่อเสียงที่สุดในโลก โทนขาวนวล ลายเส้นเทาบางและน้อย,153,
https://www.xn--q3ca6cja3bzj.com/product/74/flex-stone-grey-travertine,FLEX STONE GREY TRAVERTINE แผ่นหินยืดหยุ่นติดผนัง - หินอ่อน.com | SIAM STONE แผ่นหินอ่อน หินแกรนิต : Inspired by LnwShop.com (v2),129,FLEX STONE GREY TRAVERTINE | หินอ่อน.com,40,แผ่นหินยืดหยุ่น FLEX STONE ลาย Grey Travertine ขนาด 1200x600 มม. โทนเทา น้ำหนักเบา ติดผนังง่าย โทร 065-567-8989,111,,FLEX STONE Grey Travertine แผ่นหินยืดหยุ่นลายทราเวอร์ทีนสีเทา ลายเส้นแนวนอนชัด ผลิตจากดินเหนียวดัดแปลง (MCM) น้ำหนักเบา ดัดโค้งได้ ขนาด 1200x600 มม. หนา,152,
https://www.xn--q3ca6cja3bzj.com/product/75/flex-stone-rusty-red,FLEX STONE RUSTY RED แผ่นหินยืดหยุ่นติดผนัง - หินอ่อน.com | SIAM STONE แผ่นหินอ่อน หินแกรนิต : Inspired by LnwShop.com (v2),123,FLEX STONE RUSTY RED แผ่นหินยืดหยุ่นติดผนัง | หินอ่อน.com,57,แผ่นหินยืดหยุ่น FLEX STONE ลาย Rusty Red ขนาด 1200x600 มม. โทนแดงสนิม น้ำหนักเบา ติดผนังง่าย โทร 065-567-8989,109,,FLEX STONE Rusty Red แผ่นหินยืดหยุ่นลายทราเวอร์ทีนสีแดงอมน้ำตาล มีลายเส้นและจุดกระจายให้ความรู้สึกเป็นหินเก่า ผลิตจากดินเหนียวดัดแปลง (MCM) ขนาด 1200x600,153,
https://www.xn--q3ca6cja3bzj.com/product/8/slate-stone-%E0%B8%AB%E0%B8%B4%E0%B8%99%E0%B8%88%E0%B8%B4%E0%B9%8A%E0%B8%81%E0%B8%8B%E0%B8%AD-galaxy-black-%E0%B8%AB%E0%B8%B4%E0%B8%99%E0%B8%94%E0%B8%B3%E0%B8%81%E0%B8%B2%E0%B9%81%E0%B8%A5%E0%B9%87%E0%B8%81%E0%B8%8B%E0%B8%B5%E0%B9%88-%E0%B8%9B%E0%B8%B9%E0%B8%9C%E0%B8%99%E0%B8%B1%E0%B8%87-ssm,หินจิ๊กซอ Galaxy Black หินดำกาแล็กซี่ ปูผนัง - หินอ่อน.com | SIAM STONE แผ่นหินอ่อน หินแกรนิต : Inspired by LnwShop.com (v2),124,หินจิ๊กซอ Galaxy Black หินดำกาแล็กซี่ ปูผนัง | หินอ่อน.com,58,หินจิ๊กซอ Slate Stone สีดำกาแล็กซี่ สำหรับงานปูผนังตกแต่ง สอบถาม 065-567-8989,77,,Slate Stone หินจิ๊กซอ Galaxy Black (SSM) หินแผ่นบางเรียงก่อซ้อนเป็นแนวยาว สีดำเข้มเหลือบประกาย ผิวหน้าแตกตามธรรมชาติ ทำให้เกิดเงาและมิติเวลาแสงตกกระทบ,150,
https://www.xn--q3ca6cja3bzj.com/product/9/%E0%B8%AB%E0%B8%B4%E0%B8%99%E0%B8%AD%E0%B9%88%E0%B8%AD%E0%B8%99-%E0%B9%80%E0%B8%82%E0%B8%B5%E0%B8%A2%E0%B8%A7%E0%B8%AD%E0%B8%B4%E0%B8%95%E0%B8%B2%E0%B8%A5%E0%B8%B5-green-italian-marble-gim,หินอ่อนเขียวอิตาลี Green Italian Marble (GIM) - หินอ่อน.com | SIAM STONE แผ่นหินอ่อน หินแกรนิต : Inspired by LnwShop.com (v2),125,หินอ่อนเขียวอิตาลี Green Italian Marble (GIM) | หินอ่อน.com,59,หินอ่อนเขียวอิตาลี โทนเขียวลายสวย นิยมใช้ตกแต่งผนังและเคาน์เตอร์ สอบถาม 065-567-8989,84,,หินอ่อนเขียวอิตาลี (Green Italian Marble — GIM) หินอ่อนโทนเขียวเข้ม มีเส้นแร่สีขาวแตกเป็นร่างแหทั่วแผ่น เป็นหินที่ให้ความหรูหราแบบคลาสสิกและมีน้ำหนักทางสาย,155,
https://www.xn--q3ca6cja3bzj.com/product/tag/black-marquina,Black Marquina - หินอ่อน.com | SIAM STONE แผ่นหินอ่อน หินแกรนิต : Inspired by LnwShop.com (v2),94,Black Marquina | หินอ่อน.com,28,แผ่นหินอ่อน หินแกรนิต ตัดตามขนาด จาก SIAM STONE โทร 065-567-8989 และ 062-559-9000 อีเมล siamstonesale@gmail.com,111,ซ้ำกับหน้าอื่น,Black Marquina จากSIAM STONE ศรีนครินทร์ กรุงเทพฯ ดูขนาด ราคาต่อหน่วย และข้อควรรู้ก่อนสั่ง สอบถามและขอตัวอย่างจริง โทร 065-567-8989,131,
https://www.xn--q3ca6cja3bzj.com/product/tag/china-black-granite,China Black granite - หินอ่อน.com | SIAM STONE แผ่นหินอ่อน หินแกรนิต : Inspired by LnwShop.com (v2),99,China Black granite | หินอ่อน.com,33,แผ่นหินอ่อน หินแกรนิต ตัดตามขนาด จาก SIAM STONE โทร 065-567-8989 และ 062-559-9000 อีเมล siamstonesale@gmail.com,111,ซ้ำกับหน้าอื่น,China Black granite จากSIAM STONE ศรีนครินทร์ กรุงเทพฯ ดูขนาด ราคาต่อหน่วย และข้อควรรู้ก่อนสั่ง สอบถามและขอตัวอย่างจริง โทร 065-567-8989,136,
https://www.xn--q3ca6cja3bzj.com/product/tag/cobble,cobble - หินอ่อน.com | SIAM STONE แผ่นหินอ่อน หินแกรนิต : Inspired by LnwShop.com (v2),86,cobble | หินอ่อน.com,20,แผ่นหินอ่อน หินแกรนิต ตัดตามขนาด จาก SIAM STONE โทร 065-567-8989 และ 062-559-9000 อีเมล siamstonesale@gmail.com,111,ซ้ำกับหน้าอื่น,cobble จากSIAM STONE ศรีนครินทร์ กรุงเทพฯ ดูขนาด ราคาต่อหน่วย และข้อควรรู้ก่อนสั่ง สอบถามและขอตัวอย่างจริง โทร 065-567-8989,123,
https://www.xn--q3ca6cja3bzj.com/product/tag/cobble-stone,cobble stone - หินอ่อน.com | SIAM STONE แผ่นหินอ่อน หินแกรนิต : Inspired by LnwShop.com (v2),92,cobble stone | หินอ่อน.com,26,แผ่นหินอ่อน หินแกรนิต ตัดตามขนาด จาก SIAM STONE โทร 065-567-8989 และ 062-559-9000 อีเมล siamstonesale@gmail.com,111,ซ้ำกับหน้าอื่น,cobble stone จากSIAM STONE ศรีนครินทร์ กรุงเทพฯ ดูขนาด ราคาต่อหน่วย และข้อควรรู้ก่อนสั่ง สอบถามและขอตัวอย่างจริง โทร 065-567-8989,129,
https://www.xn--q3ca6cja3bzj.com/product/tag/cobblestone,cobblestone - หินอ่อน.com | SIAM STONE แผ่นหินอ่อน หินแกรนิต : Inspired by LnwShop.com (v2),91,cobblestone | หินอ่อน.com,25,แผ่นหินอ่อน หินแกรนิต ตัดตามขนาด จาก SIAM STONE โทร 065-567-8989 และ 062-559-9000 อีเมล siamstonesale@gmail.com,111,ซ้ำกับหน้าอื่น,cobblestone จากSIAM STONE ศรีนครินทร์ กรุงเทพฯ ดูขนาด ราคาต่อหน่วย และข้อควรรู้ก่อนสั่ง สอบถามและขอตัวอย่างจริง โทร 065-567-8989,128,
https://www.xn--q3ca6cja3bzj.com/product/tag/g20,G20 - หินอ่อน.com | SIAM STONE แผ่นหินอ่อน หินแกรนิต : Inspired by LnwShop.com (v2),83,G20 | หินอ่อน.com,17,แผ่นหินอ่อน หินแกรนิต ตัดตามขนาด จาก SIAM STONE โทร 065-567-8989 และ 062-559-9000 อีเมล siamstonesale@gmail.com,111,ซ้ำกับหน้าอื่น,G20 จากSIAM STONE ศรีนครินทร์ กรุงเทพฯ ดูขนาด ราคาต่อหน่วย และข้อควรรู้ก่อนสั่ง สอบถามและขอตัวอย่างจริง โทร 065-567-8989,120,
https://www.xn--q3ca6cja3bzj.com/product/tag/granite,granite - หินอ่อน.com | SIAM STONE แผ่นหินอ่อน หินแกรนิต : Inspired by LnwShop.com (v2),87,granite | หินอ่อน.com,21,แผ่นหินอ่อน หินแกรนิต ตัดตามขนาด จาก SIAM STONE โทร 065-567-8989 และ 062-559-9000 อีเมล siamstonesale@gmail.com,111,ซ้ำกับหน้าอื่น,granite จากSIAM STONE ศรีนครินทร์ กรุงเทพฯ ดูขนาด ราคาต่อหน่วย และข้อควรรู้ก่อนสั่ง สอบถามและขอตัวอย่างจริง โทร 065-567-8989,124,
https://www.xn--q3ca6cja3bzj.com/product/tag/indian-black-granite,Indian Black Granite - หินอ่อน.com | SIAM STONE แผ่นหินอ่อน หินแกรนิต : Inspired by LnwShop.com (v2),100,Indian Black Granite | หินอ่อน.com,34,แผ่นหินอ่อน หินแกรนิต ตัดตามขนาด จาก SIAM STONE โทร 065-567-8989 และ 062-559-9000 อีเมล siamstonesale@gmail.com,111,ซ้ำกับหน้าอื่น,Indian Black Granite จากSIAM STONE ศรีนครินทร์ กรุงเทพฯ ดูขนาด ราคาต่อหน่วย และข้อควรรู้ก่อนสั่ง สอบถามและขอตัวอย่างจริง โทร 065-567-8989,137,
https://www.xn--q3ca6cja3bzj.com/product/tag/marble,marble - หินอ่อน.com | SIAM STONE แผ่นหินอ่อน หินแกรนิต : Inspired by LnwShop.com (v2),86,marble | หินอ่อน.com,20,แผ่นหินอ่อน หินแกรนิต ตัดตามขนาด จาก SIAM STONE โทร 065-567-8989 และ 062-559-9000 อีเมล siamstonesale@gmail.com,111,ซ้ำกับหน้าอื่น,marble จากSIAM STONE ศรีนครินทร์ กรุงเทพฯ ดูขนาด ราคาต่อหน่วย และข้อควรรู้ก่อนสั่ง สอบถามและขอตัวอย่างจริง โทร 065-567-8989,123,
https://www.xn--q3ca6cja3bzj.com/product/tag/siam-stone,SIAM STONE - หินอ่อน.com | SIAM STONE แผ่นหินอ่อน หินแกรนิต : Inspired by LnwShop.com (v2),90,SIAM STONE | หินอ่อน.com,24,แผ่นหินอ่อน หินแกรนิต ตัดตามขนาด จาก SIAM STONE โทร 065-567-8989 และ 062-559-9000 อีเมล siamstonesale@gmail.com,111,ซ้ำกับหน้าอื่น,SIAM STONE จากSIAM STONE ศรีนครินทร์ กรุงเทพฯ ดูขนาด ราคาต่อหน่วย และข้อควรรู้ก่อนสั่ง สอบถามและขอตัวอย่างจริง โทร 065-567-8989,127,
https://www.xn--q3ca6cja3bzj.com/product/tag/vincent-white,Vincent White - หินอ่อน.com | SIAM STONE แผ่นหินอ่อน หินแกรนิต : Inspired by LnwShop.com (v2),93,Vincent White | หินอ่อน.com,27,แผ่นหินอ่อน หินแกรนิต ตัดตามขนาด จาก SIAM STONE โทร 065-567-8989 และ 062-559-9000 อีเมล siamstonesale@gmail.com,111,ซ้ำกับหน้าอื่น,Vincent White จากSIAM STONE ศรีนครินทร์ กรุงเทพฯ ดูขนาด ราคาต่อหน่วย และข้อควรรู้ก่อนสั่ง สอบถามและขอตัวอย่างจริง โทร 065-567-8989,130,
https://www.xn--q3ca6cja3bzj.com/product/tag/white-pearl-granite,White Pearl Granite - หินอ่อน.com | SIAM STONE แผ่นหินอ่อน หินแกรนิต : Inspired by LnwShop.com (v2),99,White Pearl Granite | หินอ่อน.com,33,แผ่นหินอ่อน หินแกรนิต ตัดตามขนาด จาก SIAM STONE โทร 065-567-8989 และ 062-559-9000 อีเมล siamstonesale@gmail.com,111,ซ้ำกับหน้าอื่น,White Pearl Granite จากSIAM STONE ศรีนครินทร์ กรุงเทพฯ ดูขนาด ราคาต่อหน่วย และข้อควรรู้ก่อนสั่ง สอบถามและขอตัวอย่างจริง โทร 065-567-8989,136,
https://www.xn--q3ca6cja3bzj.com/product/tag/กรวดขนาดใหญ่-xl,กรวดขนาดใหญ่ XL - หินอ่อน.com | SIAM STONE แผ่นหินอ่อน หินแกรนิต : Inspired by LnwShop.com (v2),95,กรวดขนาดใหญ่ XL | หินอ่อน.com,29,แผ่นหินอ่อน หินแกรนิต ตัดตามขนาด จาก SIAM STONE โทร 065-567-8989 และ 062-559-9000 อีเมล siamstonesale@gmail.com,111,ซ้ำกับหน้าอื่น,กรวดขนาดใหญ่ XL จากSIAM STONE ศรีนครินทร์ กรุงเทพฯ ดูขนาด ราคาต่อหน่วย และข้อควรรู้ก่อนสั่ง สอบถามและขอตัวอย่างจริง โทร 065-567-8989,132,
https://www.xn--q3ca6cja3bzj.com/product/tag/ขายหินอ่อน,ขายหินอ่อน - หินอ่อน.com | SIAM STONE แผ่นหินอ่อน หินแกรนิต : Inspired by LnwShop.com (v2),90,ขายหินอ่อน | หินอ่อน.com,24,แผ่นหินอ่อน หินแกรนิต ตัดตามขนาด จาก SIAM STONE โทร 065-567-8989 และ 062-559-9000 อีเมล siamstonesale@gmail.com,111,ซ้ำกับหน้าอื่น,ขายหินอ่อน จากSIAM STONE ศรีนครินทร์ กรุงเทพฯ ดูขนาด ราคาต่อหน่วย และข้อควรรู้ก่อนสั่ง สอบถามและขอตัวอย่างจริง โทร 065-567-8989,127,
https://www.xn--q3ca6cja3bzj.com/product/tag/ขายหินแกรนิต,ขายหินแกรนิต - หินอ่อน.com | SIAM STONE แผ่นหินอ่อน หินแกรนิต : Inspired by LnwShop.com (v2),92,ขายหินแกรนิต | หินอ่อน.com,26,แผ่นหินอ่อน หินแกรนิต ตัดตามขนาด จาก SIAM STONE โทร 065-567-8989 และ 062-559-9000 อีเมล siamstonesale@gmail.com,111,ซ้ำกับหน้าอื่น,ขายหินแกรนิต จากSIAM STONE ศรีนครินทร์ กรุงเทพฯ ดูขนาด ราคาต่อหน่วย และข้อควรรู้ก่อนสั่ง สอบถามและขอตัวอย่างจริง โทร 065-567-8989,129,
https://www.xn--q3ca6cja3bzj.com/product/tag/ขาวไข่มุก,ขาวไข่มุก - หินอ่อน.com | SIAM STONE แผ่นหินอ่อน หินแกรนิต : Inspired by LnwShop.com (v2),89,ขาวไข่มุก | หินอ่อน.com,23,แผ่นหินอ่อน หินแกรนิต ตัดตามขนาด จาก SIAM STONE โทร 065-567-8989 และ 062-559-9000 อีเมล siamstonesale@gmail.com,111,ซ้ำกับหน้าอื่น,ขาวไข่มุก จากSIAM STONE ศรีนครินทร์ กรุงเทพฯ ดูขนาด ราคาต่อหน่วย และข้อควรรู้ก่อนสั่ง สอบถามและขอตัวอย่างจริง โทร 065-567-8989,126,
https://www.xn--q3ca6cja3bzj.com/product/tag/ขาวไข่มุกพ่นไฟ,ขาวไข่มุกพ่นไฟ - หินอ่อน.com | SIAM STONE แผ่นหินอ่อน หินแกรนิต : Inspired by LnwShop.com (v2),94,ขาวไข่มุกพ่นไฟ | หินอ่อน.com,28,แผ่นหินอ่อน หินแกรนิต ตัดตามขนาด จาก SIAM STONE โทร 065-567-8989 และ 062-559-9000 อีเมล siamstonesale@gmail.com,111,ซ้ำกับหน้าอื่น,ขาวไข่มุกพ่นไฟ จากSIAM STONE ศรีนครินทร์ กรุงเทพฯ ดูขนาด ราคาต่อหน่วย และข้อควรรู้ก่อนสั่ง สอบถามและขอตัวอย่างจริง โทร 065-567-8989,131,
https://www.xn--q3ca6cja3bzj.com/product/tag/ดำจีน,ดำจีน - หินอ่อน.com | SIAM STONE แผ่นหินอ่อน หินแกรนิต : Inspired by LnwShop.com (v2),85,ดำจีน | หินอ่อน.com,19,แผ่นหินอ่อน หินแกรนิต ตัดตามขนาด จาก SIAM STONE โทร 065-567-8989 และ 062-559-9000 อีเมล siamstonesale@gmail.com,111,ซ้ำกับหน้าอื่น,ดำจีน จากSIAM STONE ศรีนครินทร์ กรุงเทพฯ ดูขนาด ราคาต่อหน่วย และข้อควรรู้ก่อนสั่ง สอบถามและขอตัวอย่างจริง โทร 065-567-8989,122,
https://www.xn--q3ca6cja3bzj.com/product/tag/พ่นทราย,พ่นทราย - หินอ่อน.com | SIAM STONE แผ่นหินอ่อน หินแกรนิต : Inspired by LnwShop.com (v2),87,พ่นทราย | หินอ่อน.com,21,แผ่นหินอ่อน หินแกรนิต ตัดตามขนาด จาก SIAM STONE โทร 065-567-8989 และ 062-559-9000 อีเมล siamstonesale@gmail.com,111,ซ้ำกับหน้าอื่น,พ่นทราย จากSIAM STONE ศรีนครินทร์ กรุงเทพฯ ดูขนาด ราคาต่อหน่วย และข้อควรรู้ก่อนสั่ง สอบถามและขอตัวอย่างจริง โทร 065-567-8989,124,
https://www.xn--q3ca6cja3bzj.com/product/tag/ราวกันตก,ราวกันตก - หินอ่อน.com | SIAM STONE แผ่นหินอ่อน หินแกรนิต : Inspired by LnwShop.com (v2),88,ราวกันตก | หินอ่อน.com,22,แผ่นหินอ่อน หินแกรนิต ตัดตามขนาด จาก SIAM STONE โทร 065-567-8989 และ 062-559-9000 อีเมล siamstonesale@gmail.com,111,ซ้ำกับหน้าอื่น,ราวกันตก จากSIAM STONE ศรีนครินทร์ กรุงเทพฯ ดูขนาด ราคาต่อหน่วย และข้อควรรู้ก่อนสั่ง สอบถามและขอตัวอย่างจริง โทร 065-567-8989,125,
https://www.xn--q3ca6cja3bzj.com/product/tag/ราวบันไดหินอ่อน,ราวบันไดหินอ่อน - หินอ่อน.com | SIAM STONE แผ่นหินอ่อน หินแกรนิต : Inspired by LnwShop.com (v2),95,ราวบันไดหินอ่อน | หินอ่อน.com,29,แผ่นหินอ่อน หินแกรนิต ตัดตามขนาด จาก SIAM STONE โทร 065-567-8989 และ 062-559-9000 อีเมล siamstonesale@gmail.com,111,ซ้ำกับหน้าอื่น,ราวบันไดหินอ่อน จากSIAM STONE ศรีนครินทร์ กรุงเทพฯ ดูขนาด ราคาต่อหน่วย และข้อควรรู้ก่อนสั่ง สอบถามและขอตัวอย่างจริง โทร 065-567-8989,132,
https://www.xn--q3ca6cja3bzj.com/product/tag/ราวระเบียงหินอ่อน,ราวระเบียงหินอ่อน - หินอ่อน.com | SIAM STONE แผ่นหินอ่อน หินแกรนิต : Inspired by LnwShop.com (v2),97,ราวระเบียงหินอ่อน | หินอ่อน.com,31,แผ่นหินอ่อน หินแกรนิต ตัดตามขนาด จาก SIAM STONE โทร 065-567-8989 และ 062-559-9000 อีเมล siamstonesale@gmail.com,111,ซ้ำกับหน้าอื่น,ราวระเบียงหินอ่อน จากSIAM STONE ศรีนครินทร์ กรุงเทพฯ ดูขนาด ราคาต่อหน่วย และข้อควรรู้ก่อนสั่ง สอบถามและขอตัวอย่างจริง โทร 065-567-8989,134,
https://www.xn--q3ca6cja3bzj.com/product/tag/ลูกกรง,ลูกกรง - หินอ่อน.com | SIAM STONE แผ่นหินอ่อน หินแกรนิต : Inspired by LnwShop.com (v2),86,ลูกกรง | หินอ่อน.com,20,แผ่นหินอ่อน หินแกรนิต ตัดตามขนาด จาก SIAM STONE โทร 065-567-8989 และ 062-559-9000 อีเมล siamstonesale@gmail.com,111,ซ้ำกับหน้าอื่น,ลูกกรง จากSIAM STONE ศรีนครินทร์ กรุงเทพฯ ดูขนาด ราคาต่อหน่วย และข้อควรรู้ก่อนสั่ง สอบถามและขอตัวอย่างจริง โทร 065-567-8989,123,
https://www.xn--q3ca6cja3bzj.com/product/tag/ลูกกรง-65-ซม,ลูกกรง 65 ซม. - หินอ่อน.com | SIAM STONE แผ่นหินอ่อน หินแกรนิต : Inspired by LnwShop.com (v2),93,ลูกกรง 65 ซม. | หินอ่อน.com,27,แผ่นหินอ่อน หินแกรนิต ตัดตามขนาด จาก SIAM STONE โทร 065-567-8989 และ 062-559-9000 อีเมล siamstonesale@gmail.com,111,ซ้ำกับหน้าอื่น,ลูกกรง 65 ซม. จากSIAM STONE ศรีนครินทร์ กรุงเทพฯ ดูขนาด ราคาต่อหน่วย และข้อควรรู้ก่อนสั่ง สอบถามและขอตัวอย่างจริง โทร 065-567-8989,130,
https://www.xn--q3ca6cja3bzj.com/product/tag/ลูกกรงขาว,ลูกกรงขาว - หินอ่อน.com | SIAM STONE แผ่นหินอ่อน หินแกรนิต : Inspired by LnwShop.com (v2),89,ลูกกรงขาว | หินอ่อน.com,23,แผ่นหินอ่อน หินแกรนิต ตัดตามขนาด จาก SIAM STONE โทร 065-567-8989 และ 062-559-9000 อีเมล siamstonesale@gmail.com,111,ซ้ำกับหน้าอื่น,ลูกกรงขาว จากSIAM STONE ศรีนครินทร์ กรุงเทพฯ ดูขนาด ราคาต่อหน่วย และข้อควรรู้ก่อนสั่ง สอบถามและขอตัวอย่างจริง โทร 065-567-8989,126,
https://www.xn--q3ca6cja3bzj.com/product/tag/ลูกกรงขาว-65-ซม,ลูกกรงขาว 65 ซม. - หินอ่อน.com | SIAM STONE แผ่นหินอ่อน หินแกรนิต : Inspired by LnwShop.com (v2),96,ลูกกรงขาว 65 ซม. | หินอ่อน.com,30,แผ่นหินอ่อน หินแกรนิต ตัดตามขนาด จาก SIAM STONE โทร 065-567-8989 และ 062-559-9000 อีเมล siamstonesale@gmail.com,111,ซ้ำกับหน้าอื่น,ลูกกรงขาว 65 ซม. จากSIAM STONE ศรีนครินทร์ กรุงเทพฯ ดูขนาด ราคาต่อหน่วย และข้อควรรู้ก่อนสั่ง สอบถามและขอตัวอย่างจริง โทร 065-567-8989,133,
https://www.xn--q3ca6cja3bzj.com/product/tag/ลูกกรงขาว-70-ซม,ลูกกรงขาว 70 ซม. - หินอ่อน.com | SIAM STONE แผ่นหินอ่อน หินแกรนิต : Inspired by LnwShop.com (v2),96,ลูกกรงขาว 70 ซม. | หินอ่อน.com,30,แผ่นหินอ่อน หินแกรนิต ตัดตามขนาด จาก SIAM STONE โทร 065-567-8989 และ 062-559-9000 อีเมล siamstonesale@gmail.com,111,ซ้ำกับหน้าอื่น,ลูกกรงขาว 70 ซม. จากSIAM STONE ศรีนครินทร์ กรุงเทพฯ ดูขนาด ราคาต่อหน่วย และข้อควรรู้ก่อนสั่ง สอบถามและขอตัวอย่างจริง โทร 065-567-8989,133,
https://www.xn--q3ca6cja3bzj.com/product/tag/ลูกกรงระเบียง,ลูกกรงระเบียง - หินอ่อน.com | SIAM STONE แผ่นหินอ่อน หินแกรนิต : Inspired by LnwShop.com (v2),93,ลูกกรงระเบียง | หินอ่อน.com,27,แผ่นหินอ่อน หินแกรนิต ตัดตามขนาด จาก SIAM STONE โทร 065-567-8989 และ 062-559-9000 อีเมล siamstonesale@gmail.com,111,ซ้ำกับหน้าอื่น,ลูกกรงระเบียง จากSIAM STONE ศรีนครินทร์ กรุงเทพฯ ดูขนาด ราคาต่อหน่วย และข้อควรรู้ก่อนสั่ง สอบถามและขอตัวอย่างจริง โทร 065-567-8989,130,
https://www.xn--q3ca6cja3bzj.com/product/tag/ลูกกรงระเบียงสีส้ม,ลูกกรงระเบียงสีส้ม - หินอ่อน.com | SIAM STONE แผ่นหินอ่อน หินแกรนิต : Inspired by LnwShop.com (v2),98,ลูกกรงระเบียงสีส้ม | หินอ่อน.com,32,แผ่นหินอ่อน หินแกรนิต ตัดตามขนาด จาก SIAM STONE โทร 065-567-8989 และ 062-559-9000 อีเมล siamstonesale@gmail.com,111,ซ้ำกับหน้าอื่น,ลูกกรงระเบียงสีส้ม จากSIAM STONE ศรีนครินทร์ กรุงเทพฯ ดูขนาด ราคาต่อหน่วย และข้อควรรู้ก่อนสั่ง สอบถามและขอตัวอย่างจริง โทร 065-567-8989,135,
https://www.xn--q3ca6cja3bzj.com/product/tag/ลูกกรงรั้ว,ลูกกรงรั้ว - หินอ่อน.com | SIAM STONE แผ่นหินอ่อน หินแกรนิต : Inspired by LnwShop.com (v2),90,ลูกกรงรั้ว | หินอ่อน.com,24,แผ่นหินอ่อน หินแกรนิต ตัดตามขนาด จาก SIAM STONE โทร 065-567-8989 และ 062-559-9000 อีเมล siamstonesale@gmail.com,111,ซ้ำกับหน้าอื่น,ลูกกรงรั้ว จากSIAM STONE ศรีนครินทร์ กรุงเทพฯ ดูขนาด ราคาต่อหน่วย และข้อควรรู้ก่อนสั่ง สอบถามและขอตัวอย่างจริง โทร 065-567-8989,127,
https://www.xn--q3ca6cja3bzj.com/product/tag/ลูกกรงสีขาว,ลูกกรงสีขาว - หินอ่อน.com | SIAM STONE แผ่นหินอ่อน หินแกรนิต : Inspired by LnwShop.com (v2),91,ลูกกรงสีขาว | หินอ่อน.com,25,แผ่นหินอ่อน หินแกรนิต ตัดตามขนาด จาก SIAM STONE โทร 065-567-8989 และ 062-559-9000 อีเมล siamstonesale@gmail.com,111,ซ้ำกับหน้าอื่น,ลูกกรงสีขาว จากSIAM STONE ศรีนครินทร์ กรุงเทพฯ ดูขนาด ราคาต่อหน่วย และข้อควรรู้ก่อนสั่ง สอบถามและขอตัวอย่างจริง โทร 065-567-8989,128,
https://www.xn--q3ca6cja3bzj.com/product/tag/ลูกกรงส้มฟลอเรนซ์,ลูกกรงส้มฟลอเรนซ์ - หินอ่อน.com | SIAM STONE แผ่นหินอ่อน หินแกรนิต : Inspired by LnwShop.com (v2),97,ลูกกรงส้มฟลอเรนซ์ | หินอ่อน.com,31,แผ่นหินอ่อน หินแกรนิต ตัดตามขนาด จาก SIAM STONE โทร 065-567-8989 และ 062-559-9000 อีเมล siamstonesale@gmail.com,111,ซ้ำกับหน้าอื่น,ลูกกรงส้มฟลอเรนซ์ จากSIAM STONE ศรีนครินทร์ กรุงเทพฯ ดูขนาด ราคาต่อหน่วย และข้อควรรู้ก่อนสั่ง สอบถามและขอตัวอย่างจริง โทร 065-567-8989,134,
https://www.xn--q3ca6cja3bzj.com/product/tag/ลูกกรงหินอ่อน,ลูกกรงหินอ่อน - หินอ่อน.com | SIAM STONE แผ่นหินอ่อน หินแกรนิต : Inspired by LnwShop.com (v2),93,ลูกกรงหินอ่อน | หินอ่อน.com,27,แผ่นหินอ่อน หินแกรนิต ตัดตามขนาด จาก SIAM STONE โทร 065-567-8989 และ 062-559-9000 อีเมล siamstonesale@gmail.com,111,ซ้ำกับหน้าอื่น,ลูกกรงหินอ่อน จากSIAM STONE ศรีนครินทร์ กรุงเทพฯ ดูขนาด ราคาต่อหน่วย และข้อควรรู้ก่อนสั่ง สอบถามและขอตัวอย่างจริง โทร 065-567-8989,130,
https://www.xn--q3ca6cja3bzj.com/product/tag/วินเซนต์,วินเซนต์ - หินอ่อน.com | SIAM STONE แผ่นหินอ่อน หินแกรนิต : Inspired by LnwShop.com (v2),88,วินเซนต์ | หินอ่อน.com,22,แผ่นหินอ่อน หินแกรนิต ตัดตามขนาด จาก SIAM STONE โทร 065-567-8989 และ 062-559-9000 อีเมล siamstonesale@gmail.com,111,ซ้ำกับหน้าอื่น,วินเซนต์ จากSIAM STONE ศรีนครินทร์ กรุงเทพฯ ดูขนาด ราคาต่อหน่วย และข้อควรรู้ก่อนสั่ง สอบถามและขอตัวอย่างจริง โทร 065-567-8989,125,
https://www.xn--q3ca6cja3bzj.com/product/tag/วิสคอนไวท์,วิสคอนไวท์ - หินอ่อน.com | SIAM STONE แผ่นหินอ่อน หินแกรนิต : Inspired by LnwShop.com (v2),90,วิสคอนไวท์ | หินอ่อน.com,24,แผ่นหินอ่อน หินแกรนิต ตัดตามขนาด จาก SIAM STONE โทร 065-567-8989 และ 062-559-9000 อีเมล siamstonesale@gmail.com,111,ซ้ำกับหน้าอื่น,วิสคอนไวท์ จากSIAM STONE ศรีนครินทร์ กรุงเทพฯ ดูขนาด ราคาต่อหน่วย และข้อควรรู้ก่อนสั่ง สอบถามและขอตัวอย่างจริง โทร 065-567-8989,127,
https://www.xn--q3ca6cja3bzj.com/product/tag/ศิลาแลง,ศิลาแลง - หินอ่อน.com | SIAM STONE แผ่นหินอ่อน หินแกรนิต : Inspired by LnwShop.com (v2),87,ศิลาแลง | หินอ่อน.com,21,แผ่นหินอ่อน หินแกรนิต ตัดตามขนาด จาก SIAM STONE โทร 065-567-8989 และ 062-559-9000 อีเมล siamstonesale@gmail.com,111,ซ้ำกับหน้าอื่น,ศิลาแลง จากSIAM STONE ศรีนครินทร์ กรุงเทพฯ ดูขนาด ราคาต่อหน่วย และข้อควรรู้ก่อนสั่ง สอบถามและขอตัวอย่างจริง โทร 065-567-8989,124,
https://www.xn--q3ca6cja3bzj.com/product/tag/ศิลาแลง-20x40,ศิลาแลง 20x40 - หินอ่อน.com | SIAM STONE แผ่นหินอ่อน หินแกรนิต : Inspired by LnwShop.com (v2),93,ศิลาแลง 20x40 | หินอ่อน.com,27,แผ่นหินอ่อน หินแกรนิต ตัดตามขนาด จาก SIAM STONE โทร 065-567-8989 และ 062-559-9000 อีเมล siamstonesale@gmail.com,111,ซ้ำกับหน้าอื่น,ศิลาแลง 20x40 จากSIAM STONE ศรีนครินทร์ กรุงเทพฯ ดูขนาด ราคาต่อหน่วย และข้อควรรู้ก่อนสั่ง สอบถามและขอตัวอย่างจริง โทร 065-567-8989,130,
https://www.xn--q3ca6cja3bzj.com/product/tag/ศิลาแลง-30x30,ศิลาแลง 30x30 - หินอ่อน.com | SIAM STONE แผ่นหินอ่อน หินแกรนิต : Inspired by LnwShop.com (v2),93,ศิลาแลง 30x30 | หินอ่อน.com,27,แผ่นหินอ่อน หินแกรนิต ตัดตามขนาด จาก SIAM STONE โทร 065-567-8989 และ 062-559-9000 อีเมล siamstonesale@gmail.com,111,ซ้ำกับหน้าอื่น,ศิลาแลง 30x30 จากSIAM STONE ศรีนครินทร์ กรุงเทพฯ ดูขนาด ราคาต่อหน่วย และข้อควรรู้ก่อนสั่ง สอบถามและขอตัวอย่างจริง โทร 065-567-8989,130,
https://www.xn--q3ca6cja3bzj.com/product/tag/ศิลาแลง-40x40,ศิลาแลง 40x40 - หินอ่อน.com | SIAM STONE แผ่นหินอ่อน หินแกรนิต : Inspired by LnwShop.com (v2),93,ศิลาแลง 40x40 | หินอ่อน.com,27,แผ่นหินอ่อน หินแกรนิต ตัดตามขนาด จาก SIAM STONE โทร 065-567-8989 และ 062-559-9000 อีเมล siamstonesale@gmail.com,111,ซ้ำกับหน้าอื่น,ศิลาแลง 40x40 จากSIAM STONE ศรีนครินทร์ กรุงเทพฯ ดูขนาด ราคาต่อหน่วย และข้อควรรู้ก่อนสั่ง สอบถามและขอตัวอย่างจริง โทร 065-567-8989,130,
https://www.xn--q3ca6cja3bzj.com/product/tag/ศิลาแลง-50x50,ศิลาแลง 50x50 - หินอ่อน.com | SIAM STONE แผ่นหินอ่อน หินแกรนิต : Inspired by LnwShop.com (v2),93,ศิลาแลง 50x50 | หินอ่อน.com,27,แผ่นหินอ่อน หินแกรนิต ตัดตามขนาด จาก SIAM STONE โทร 065-567-8989 และ 062-559-9000 อีเมล siamstonesale@gmail.com,111,ซ้ำกับหน้าอื่น,ศิลาแลง 50x50 จากSIAM STONE ศรีนครินทร์ กรุงเทพฯ ดูขนาด ราคาต่อหน่วย และข้อควรรู้ก่อนสั่ง สอบถามและขอตัวอย่างจริง โทร 065-567-8989,130,
https://www.xn--q3ca6cja3bzj.com/product/tag/ศิลาแลงกรุผนัง,ศิลาแลงกรุผนัง - หินอ่อน.com | SIAM STONE แผ่นหินอ่อน หินแกรนิต : Inspired by LnwShop.com (v2),94,ศิลาแลงกรุผนัง | หินอ่อน.com,28,แผ่นหินอ่อน หินแกรนิต ตัดตามขนาด จาก SIAM STONE โทร 065-567-8989 และ 062-559-9000 อีเมล siamstonesale@gmail.com,111,ซ้ำกับหน้าอื่น,ศิลาแลงกรุผนัง จากSIAM STONE ศรีนครินทร์ กรุงเทพฯ ดูขนาด ราคาต่อหน่วย และข้อควรรู้ก่อนสั่ง สอบถามและขอตัวอย่างจริง โทร 065-567-8989,131,
https://www.xn--q3ca6cja3bzj.com/product/tag/ศิลาแลงกำแพงเพชร,ศิลาแลงกำแพงเพชร - หินอ่อน.com | SIAM STONE แผ่นหินอ่อน หินแกรนิต : Inspired by LnwShop.com (v2),96,ศิลาแลงกำแพงเพชร | หินอ่อน.com,30,แผ่นหินอ่อน หินแกรนิต ตัดตามขนาด จาก SIAM STONE โทร 065-567-8989 และ 062-559-9000 อีเมล siamstonesale@gmail.com,111,ซ้ำกับหน้าอื่น,ศิลาแลงกำแพงเพชร จากSIAM STONE ศรีนครินทร์ กรุงเทพฯ ดูขนาด ราคาต่อหน่วย และข้อควรรู้ก่อนสั่ง สอบถามและขอตัวอย่างจริง โทร 065-567-8989,133,
https://www.xn--q3ca6cja3bzj.com/product/tag/ศิลาแลงทางเดิน,ศิลาแลงทางเดิน - หินอ่อน.com | SIAM STONE แผ่นหินอ่อน หินแกรนิต : Inspired by LnwShop.com (v2),94,ศิลาแลงทางเดิน | หินอ่อน.com,28,แผ่นหินอ่อน หินแกรนิต ตัดตามขนาด จาก SIAM STONE โทร 065-567-8989 และ 062-559-9000 อีเมล siamstonesale@gmail.com,111,ซ้ำกับหน้าอื่น,ศิลาแลงทางเดิน จากSIAM STONE ศรีนครินทร์ กรุงเทพฯ ดูขนาด ราคาต่อหน่วย และข้อควรรู้ก่อนสั่ง สอบถามและขอตัวอย่างจริง โทร 065-567-8989,131,
https://www.xn--q3ca6cja3bzj.com/product/tag/ศิลาแลงปูพื้น,ศิลาแลงปูพื้น - หินอ่อน.com | SIAM STONE แผ่นหินอ่อน หินแกรนิต : Inspired by LnwShop.com (v2),93,ศิลาแลงปูพื้น | หินอ่อน.com,27,แผ่นหินอ่อน หินแกรนิต ตัดตามขนาด จาก SIAM STONE โทร 065-567-8989 และ 062-559-9000 อีเมล siamstonesale@gmail.com,111,ซ้ำกับหน้าอื่น,ศิลาแลงปูพื้น จากSIAM STONE ศรีนครินทร์ กรุงเทพฯ ดูขนาด ราคาต่อหน่วย และข้อควรรู้ก่อนสั่ง สอบถามและขอตัวอย่างจริง โทร 065-567-8989,130,
https://www.xn--q3ca6cja3bzj.com/product/tag/ศิลาแลงปูลาน,ศิลาแลงปูลาน - หินอ่อน.com | SIAM STONE แผ่นหินอ่อน หินแกรนิต : Inspired by LnwShop.com (v2),92,ศิลาแลงปูลาน | หินอ่อน.com,26,แผ่นหินอ่อน หินแกรนิต ตัดตามขนาด จาก SIAM STONE โทร 065-567-8989 และ 062-559-9000 อีเมล siamstonesale@gmail.com,111,ซ้ำกับหน้าอื่น,ศิลาแลงปูลาน จากSIAM STONE ศรีนครินทร์ กรุงเทพฯ ดูขนาด ราคาต่อหน่วย และข้อควรรู้ก่อนสั่ง สอบถามและขอตัวอย่างจริง โทร 065-567-8989,129,
https://www.xn--q3ca6cja3bzj.com/product/tag/ศิลาแลงแผ่นเล็ก,ศิลาแลงแผ่นเล็ก - หินอ่อน.com | SIAM STONE แผ่นหินอ่อน หินแกรนิต : Inspired by LnwShop.com (v2),95,ศิลาแลงแผ่นเล็ก | หินอ่อน.com,29,แผ่นหินอ่อน หินแกรนิต ตัดตามขนาด จาก SIAM STONE โทร 065-567-8989 และ 062-559-9000 อีเมล siamstonesale@gmail.com,111,ซ้ำกับหน้าอื่น,ศิลาแลงแผ่นเล็ก จากSIAM STONE ศรีนครินทร์ กรุงเทพฯ ดูขนาด ราคาต่อหน่วย และข้อควรรู้ก่อนสั่ง สอบถามและขอตัวอย่างจริง โทร 065-567-8989,132,
https://www.xn--q3ca6cja3bzj.com/product/tag/ศิลาแลงแผ่นใหญ่,ศิลาแลงแผ่นใหญ่ - หินอ่อน.com | SIAM STONE แผ่นหินอ่อน หินแกรนิต : Inspired by LnwShop.com (v2),95,ศิลาแลงแผ่นใหญ่ | หินอ่อน.com,29,แผ่นหินอ่อน หินแกรนิต ตัดตามขนาด จาก SIAM STONE โทร 065-567-8989 และ 062-559-9000 อีเมล siamstonesale@gmail.com,111,ซ้ำกับหน้าอื่น,ศิลาแลงแผ่นใหญ่ จากSIAM STONE ศรีนครินทร์ กรุงเทพฯ ดูขนาด ราคาต่อหน่วย และข้อควรรู้ก่อนสั่ง สอบถามและขอตัวอย่างจริง โทร 065-567-8989,132,
https://www.xn--q3ca6cja3bzj.com/product/tag/สวน,สวน - หินอ่อน.com | SIAM STONE แผ่นหินอ่อน หินแกรนิต : Inspired by LnwShop.com (v2),83,สวน | หินอ่อน.com,17,แผ่นหินอ่อน หินแกรนิต ตัดตามขนาด จาก SIAM STONE โทร 065-567-8989 และ 062-559-9000 อีเมล siamstonesale@gmail.com,111,ซ้ำกับหน้าอื่น,สวน จากSIAM STONE ศรีนครินทร์ กรุงเทพฯ ดูขนาด ราคาต่อหน่วย และข้อควรรู้ก่อนสั่ง สอบถามและขอตัวอย่างจริง โทร 065-567-8989,120,
https://www.xn--q3ca6cja3bzj.com/product/tag/หญ้าปลอม,หญ้าปลอม - หินอ่อน.com | SIAM STONE แผ่นหินอ่อน หินแกรนิต : Inspired by LnwShop.com (v2),88,หญ้าปลอม | หินอ่อน.com,22,แผ่นหินอ่อน หินแกรนิต ตัดตามขนาด จาก SIAM STONE โทร 065-567-8989 และ 062-559-9000 อีเมล siamstonesale@gmail.com,111,ซ้ำกับหน้าอื่น,หญ้าปลอม จากSIAM STONE ศรีนครินทร์ กรุงเทพฯ ดูขนาด ราคาต่อหน่วย และข้อควรรู้ก่อนสั่ง สอบถามและขอตัวอย่างจริง โทร 065-567-8989,125,
https://www.xn--q3ca6cja3bzj.com/product/tag/หญ้าสนาม,หญ้าสนาม - หินอ่อน.com | SIAM STONE แผ่นหินอ่อน หินแกรนิต : Inspired by LnwShop.com (v2),88,หญ้าสนาม | หินอ่อน.com,22,แผ่นหินอ่อน หินแกรนิต ตัดตามขนาด จาก SIAM STONE โทร 065-567-8989 และ 062-559-9000 อีเมล siamstonesale@gmail.com,111,ซ้ำกับหน้าอื่น,หญ้าสนาม จากSIAM STONE ศรีนครินทร์ กรุงเทพฯ ดูขนาด ราคาต่อหน่วย และข้อควรรู้ก่อนสั่ง สอบถามและขอตัวอย่างจริง โทร 065-567-8989,125,
https://www.xn--q3ca6cja3bzj.com/product/tag/หญ้าเทียม,หญ้าเทียม - หินอ่อน.com | SIAM STONE แผ่นหินอ่อน หินแกรนิต : Inspired by LnwShop.com (v2),89,หญ้าเทียม รวมสินค้า | หินอ่อน.com,33,แผ่นหินอ่อน หินแกรนิต ตัดตามขนาด จาก SIAM STONE โทร 065-567-8989 และ 062-559-9000 อีเมล siamstonesale@gmail.com,111,ซ้ำกับหน้าอื่น,หญ้าเทียม จากSIAM STONE ศรีนครินทร์ กรุงเทพฯ ดูขนาด ราคาต่อหน่วย และข้อควรรู้ก่อนสั่ง สอบถามและขอตัวอย่างจริง โทร 065-567-8989,126,
https://www.xn--q3ca6cja3bzj.com/product/tag/หญ้าเทียมพลาสติก,หญ้าเทียมพลาสติก - หินอ่อน.com | SIAM STONE แผ่นหินอ่อน หินแกรนิต : Inspired by LnwShop.com (v2),96,หญ้าเทียมพลาสติก | หินอ่อน.com,30,แผ่นหินอ่อน หินแกรนิต ตัดตามขนาด จาก SIAM STONE โทร 065-567-8989 และ 062-559-9000 อีเมล siamstonesale@gmail.com,111,ซ้ำกับหน้าอื่น,หญ้าเทียมพลาสติก จากSIAM STONE ศรีนครินทร์ กรุงเทพฯ ดูขนาด ราคาต่อหน่วย และข้อควรรู้ก่อนสั่ง สอบถามและขอตัวอย่างจริง โทร 065-567-8989,133,
https://www.xn--q3ca6cja3bzj.com/product/tag/หญ้าแผ่น,หญ้าแผ่น - หินอ่อน.com | SIAM STONE แผ่นหินอ่อน หินแกรนิต : Inspired by LnwShop.com (v2),88,หญ้าแผ่น | หินอ่อน.com,22,แผ่นหินอ่อน หินแกรนิต ตัดตามขนาด จาก SIAM STONE โทร 065-567-8989 และ 062-559-9000 อีเมล siamstonesale@gmail.com,111,ซ้ำกับหน้าอื่น,หญ้าแผ่น จากSIAM STONE ศรีนครินทร์ กรุงเทพฯ ดูขนาด ราคาต่อหน่วย และข้อควรรู้ก่อนสั่ง สอบถามและขอตัวอย่างจริง โทร 065-567-8989,125,
https://www.xn--q3ca6cja3bzj.com/product/tag/หินกรวด,หินกรวด - หินอ่อน.com | SIAM STONE แผ่นหินอ่อน หินแกรนิต : Inspired by LnwShop.com (v2),87,หินกรวด | หินอ่อน.com,21,แผ่นหินอ่อน หินแกรนิต ตัดตามขนาด จาก SIAM STONE โทร 065-567-8989 และ 062-559-9000 อีเมล siamstonesale@gmail.com,111,ซ้ำกับหน้าอื่น,หินกรวด จากSIAM STONE ศรีนครินทร์ กรุงเทพฯ ดูขนาด ราคาต่อหน่วย และข้อควรรู้ก่อนสั่ง สอบถามและขอตัวอย่างจริง โทร 065-567-8989,124,
https://www.xn--q3ca6cja3bzj.com/product/tag/หินกรวดขาว,หินกรวดขาว - หินอ่อน.com | SIAM STONE แผ่นหินอ่อน หินแกรนิต : Inspired by LnwShop.com (v2),90,หินกรวดขาว | หินอ่อน.com,24,แผ่นหินอ่อน หินแกรนิต ตัดตามขนาด จาก SIAM STONE โทร 065-567-8989 และ 062-559-9000 อีเมล siamstonesale@gmail.com,111,ซ้ำกับหน้าอื่น,หินกรวดขาว จากSIAM STONE ศรีนครินทร์ กรุงเทพฯ ดูขนาด ราคาต่อหน่วย และข้อควรรู้ก่อนสั่ง สอบถามและขอตัวอย่างจริง โทร 065-567-8989,127,
https://www.xn--q3ca6cja3bzj.com/product/tag/หินกรวดแต่งสวน,หินกรวดแต่งสวน - หินอ่อน.com | SIAM STONE แผ่นหินอ่อน หินแกรนิต : Inspired by LnwShop.com (v2),94,หินกรวดแต่งสวน | หินอ่อน.com,28,แผ่นหินอ่อน หินแกรนิต ตัดตามขนาด จาก SIAM STONE โทร 065-567-8989 และ 062-559-9000 อีเมล siamstonesale@gmail.com,111,ซ้ำกับหน้าอื่น,หินกรวดแต่งสวน จากSIAM STONE ศรีนครินทร์ กรุงเทพฯ ดูขนาด ราคาต่อหน่วย และข้อควรรู้ก่อนสั่ง สอบถามและขอตัวอย่างจริง โทร 065-567-8989,131,
https://www.xn--q3ca6cja3bzj.com/product/tag/หินก่อผนัง,หินก่อผนัง - หินอ่อน.com | SIAM STONE แผ่นหินอ่อน หินแกรนิต : Inspired by LnwShop.com (v2),90,หินก่อผนัง | หินอ่อน.com,24,แผ่นหินอ่อน หินแกรนิต ตัดตามขนาด จาก SIAM STONE โทร 065-567-8989 และ 062-559-9000 อีเมล siamstonesale@gmail.com,111,ซ้ำกับหน้าอื่น,หินก่อผนัง จากSIAM STONE ศรีนครินทร์ กรุงเทพฯ ดูขนาด ราคาต่อหน่วย และข้อควรรู้ก่อนสั่ง สอบถามและขอตัวอย่างจริง โทร 065-567-8989,127,
https://www.xn--q3ca6cja3bzj.com/product/tag/หินขาวพ่นไฟ,หินขาวพ่นไฟ - หินอ่อน.com | SIAM STONE แผ่นหินอ่อน หินแกรนิต : Inspired by LnwShop.com (v2),91,หินขาวพ่นไฟ | หินอ่อน.com,25,แผ่นหินอ่อน หินแกรนิต ตัดตามขนาด จาก SIAM STONE โทร 065-567-8989 และ 062-559-9000 อีเมล siamstonesale@gmail.com,111,ซ้ำกับหน้าอื่น,หินขาวพ่นไฟ จากSIAM STONE ศรีนครินทร์ กรุงเทพฯ ดูขนาด ราคาต่อหน่วย และข้อควรรู้ก่อนสั่ง สอบถามและขอตัวอย่างจริง โทร 065-567-8989,128,
https://www.xn--q3ca6cja3bzj.com/product/tag/หินจิ๊กซอ,หินจิ๊กซอ - หินอ่อน.com | SIAM STONE แผ่นหินอ่อน หินแกรนิต : Inspired by LnwShop.com (v2),89,หินจิ๊กซอ | หินอ่อน.com,23,แผ่นหินอ่อน หินแกรนิต ตัดตามขนาด จาก SIAM STONE โทร 065-567-8989 และ 062-559-9000 อีเมล siamstonesale@gmail.com,111,ซ้ำกับหน้าอื่น,หินจิ๊กซอ จากSIAM STONE ศรีนครินทร์ กรุงเทพฯ ดูขนาด ราคาต่อหน่วย และข้อควรรู้ก่อนสั่ง สอบถามและขอตัวอย่างจริง โทร 065-567-8989,126,
https://www.xn--q3ca6cja3bzj.com/product/tag/หินตกแต่ง,หินตกแต่ง - หินอ่อน.com | SIAM STONE แผ่นหินอ่อน หินแกรนิต : Inspired by LnwShop.com (v2),89,หินตกแต่ง | หินอ่อน.com,23,แผ่นหินอ่อน หินแกรนิต ตัดตามขนาด จาก SIAM STONE โทร 065-567-8989 และ 062-559-9000 อีเมล siamstonesale@gmail.com,111,ซ้ำกับหน้าอื่น,หินตกแต่ง จากSIAM STONE ศรีนครินทร์ กรุงเทพฯ ดูขนาด ราคาต่อหน่วย และข้อควรรู้ก่อนสั่ง สอบถามและขอตัวอย่างจริง โทร 065-567-8989,126,
https://www.xn--q3ca6cja3bzj.com/product/tag/หินตกแต่งสวน,หินตกแต่งสวน - หินอ่อน.com | SIAM STONE แผ่นหินอ่อน หินแกรนิต : Inspired by LnwShop.com (v2),92,หินตกแต่งสวน | หินอ่อน.com,26,แผ่นหินอ่อน หินแกรนิต ตัดตามขนาด จาก SIAM STONE โทร 065-567-8989 และ 062-559-9000 อีเมล siamstonesale@gmail.com,111,ซ้ำกับหน้าอื่น,หินตกแต่งสวน จากSIAM STONE ศรีนครินทร์ กรุงเทพฯ ดูขนาด ราคาต่อหน่วย และข้อควรรู้ก่อนสั่ง สอบถามและขอตัวอย่างจริง โทร 065-567-8989,129,
https://www.xn--q3ca6cja3bzj.com/product/tag/หินบล็อค,หินบล็อค - หินอ่อน.com | SIAM STONE แผ่นหินอ่อน หินแกรนิต : Inspired by LnwShop.com (v2),88,หินบล็อค | หินอ่อน.com,22,แผ่นหินอ่อน หินแกรนิต ตัดตามขนาด จาก SIAM STONE โทร 065-567-8989 และ 062-559-9000 อีเมล siamstonesale@gmail.com,111,ซ้ำกับหน้าอื่น,หินบล็อค จากSIAM STONE ศรีนครินทร์ กรุงเทพฯ ดูขนาด ราคาต่อหน่วย และข้อควรรู้ก่อนสั่ง สอบถามและขอตัวอย่างจริง โทร 065-567-8989,125,
https://www.xn--q3ca6cja3bzj.com/product/tag/หินปูทางเดิน,หินปูทางเดิน - หินอ่อน.com | SIAM STONE แผ่นหินอ่อน หินแกรนิต : Inspired by LnwShop.com (v2),92,หินปูทางเดิน | หินอ่อน.com,26,แผ่นหินอ่อน หินแกรนิต ตัดตามขนาด จาก SIAM STONE โทร 065-567-8989 และ 062-559-9000 อีเมล siamstonesale@gmail.com,111,ซ้ำกับหน้าอื่น,หินปูทางเดิน จากSIAM STONE ศรีนครินทร์ กรุงเทพฯ ดูขนาด ราคาต่อหน่วย และข้อควรรู้ก่อนสั่ง สอบถามและขอตัวอย่างจริง โทร 065-567-8989,129,
https://www.xn--q3ca6cja3bzj.com/product/tag/หินปูผนัง,หินปูผนัง - หินอ่อน.com | SIAM STONE แผ่นหินอ่อน หินแกรนิต : Inspired by LnwShop.com (v2),89,หินปูผนัง | หินอ่อน.com,23,แผ่นหินอ่อน หินแกรนิต ตัดตามขนาด จาก SIAM STONE โทร 065-567-8989 และ 062-559-9000 อีเมล siamstonesale@gmail.com,111,ซ้ำกับหน้าอื่น,หินปูผนัง จากSIAM STONE ศรีนครินทร์ กรุงเทพฯ ดูขนาด ราคาต่อหน่วย และข้อควรรู้ก่อนสั่ง สอบถามและขอตัวอย่างจริง โทร 065-567-8989,126,
https://www.xn--q3ca6cja3bzj.com/product/tag/หินปูพื้น,หินปูพื้น - หินอ่อน.com | SIAM STONE แผ่นหินอ่อน หินแกรนิต : Inspired by LnwShop.com (v2),89,หินปูพื้น | หินอ่อน.com,23,แผ่นหินอ่อน หินแกรนิต ตัดตามขนาด จาก SIAM STONE โทร 065-567-8989 และ 062-559-9000 อีเมล siamstonesale@gmail.com,111,ซ้ำกับหน้าอื่น,หินปูพื้น จากSIAM STONE ศรีนครินทร์ กรุงเทพฯ ดูขนาด ราคาต่อหน่วย และข้อควรรู้ก่อนสั่ง สอบถามและขอตัวอย่างจริง โทร 065-567-8989,126,
https://www.xn--q3ca6cja3bzj.com/product/tag/หินปูพื้น-30x60,หินปูพื้น 30x60 - หินอ่อน.com | SIAM STONE แผ่นหินอ่อน หินแกรนิต : Inspired by LnwShop.com (v2),95,หินปูพื้น 30x60 | หินอ่อน.com,29,แผ่นหินอ่อน หินแกรนิต ตัดตามขนาด จาก SIAM STONE โทร 065-567-8989 และ 062-559-9000 อีเมล siamstonesale@gmail.com,111,ซ้ำกับหน้าอื่น,หินปูพื้น 30x60 จากSIAM STONE ศรีนครินทร์ กรุงเทพฯ ดูขนาด ราคาต่อหน่วย และข้อควรรู้ก่อนสั่ง สอบถามและขอตัวอย่างจริง โทร 065-567-8989,132,
https://www.xn--q3ca6cja3bzj.com/product/tag/หินปูพื้นกันลื่น,หินปูพื้นกันลื่น - หินอ่อน.com | SIAM STONE แผ่นหินอ่อน หินแกรนิต : Inspired by LnwShop.com (v2),96,หินปูพื้นกันลื่น | หินอ่อน.com,30,แผ่นหินอ่อน หินแกรนิต ตัดตามขนาด จาก SIAM STONE โทร 065-567-8989 และ 062-559-9000 อีเมล siamstonesale@gmail.com,111,ซ้ำกับหน้าอื่น,หินปูพื้นกันลื่น จากSIAM STONE ศรีนครินทร์ กรุงเทพฯ ดูขนาด ราคาต่อหน่วย และข้อควรรู้ก่อนสั่ง สอบถามและขอตัวอย่างจริง โทร 065-567-8989,133,
https://www.xn--q3ca6cja3bzj.com/product/tag/หินปูสระว่ายน้ำ,หินปูสระว่ายน้ำ - หินอ่อน.com | SIAM STONE แผ่นหินอ่อน หินแกรนิต : Inspired by LnwShop.com (v2),95,หินปูสระว่ายน้ำ | หินอ่อน.com,29,แผ่นหินอ่อน หินแกรนิต ตัดตามขนาด จาก SIAM STONE โทร 065-567-8989 และ 062-559-9000 อีเมล siamstonesale@gmail.com,111,ซ้ำกับหน้าอื่น,หินปูสระว่ายน้ำ จากSIAM STONE ศรีนครินทร์ กรุงเทพฯ ดูขนาด ราคาต่อหน่วย และข้อควรรู้ก่อนสั่ง สอบถามและขอตัวอย่างจริง โทร 065-567-8989,132,
https://www.xn--q3ca6cja3bzj.com/product/tag/หินปูโรงรถ,หินปูโรงรถ - หินอ่อน.com | SIAM STONE แผ่นหินอ่อน หินแกรนิต : Inspired by LnwShop.com (v2),90,หินปูโรงรถ | หินอ่อน.com,24,แผ่นหินอ่อน หินแกรนิต ตัดตามขนาด จาก SIAM STONE โทร 065-567-8989 และ 062-559-9000 อีเมล siamstonesale@gmail.com,111,ซ้ำกับหน้าอื่น,หินปูโรงรถ จากSIAM STONE ศรีนครินทร์ กรุงเทพฯ ดูขนาด ราคาต่อหน่วย และข้อควรรู้ก่อนสั่ง สอบถามและขอตัวอย่างจริง โทร 065-567-8989,127,
https://www.xn--q3ca6cja3bzj.com/product/tag/หินพ่นไฟ,หินพ่นไฟ - หินอ่อน.com | SIAM STONE แผ่นหินอ่อน หินแกรนิต : Inspired by LnwShop.com (v2),88,หินพ่นไฟ | หินอ่อน.com,22,แผ่นหินอ่อน หินแกรนิต ตัดตามขนาด จาก SIAM STONE โทร 065-567-8989 และ 062-559-9000 อีเมล siamstonesale@gmail.com,111,ซ้ำกับหน้าอื่น,หินพ่นไฟ จากSIAM STONE ศรีนครินทร์ กรุงเทพฯ ดูขนาด ราคาต่อหน่วย และข้อควรรู้ก่อนสั่ง สอบถามและขอตัวอย่างจริง โทร 065-567-8989,125,
https://www.xn--q3ca6cja3bzj.com/product/tag/หินพ่นไฟปั่นแปรง,หินพ่นไฟปั่นแปรง - หินอ่อน.com | SIAM STONE แผ่นหินอ่อน หินแกรนิต : Inspired by LnwShop.com (v2),96,หินพ่นไฟปั่นแปรง | หินอ่อน.com,30,แผ่นหินอ่อน หินแกรนิต ตัดตามขนาด จาก SIAM STONE โทร 065-567-8989 และ 062-559-9000 อีเมล siamstonesale@gmail.com,111,ซ้ำกับหน้าอื่น,หินพ่นไฟปั่นแปรง จากSIAM STONE ศรีนครินทร์ กรุงเทพฯ ดูขนาด ราคาต่อหน่วย และข้อควรรู้ก่อนสั่ง สอบถามและขอตัวอย่างจริง โทร 065-567-8989,133,
https://www.xn--q3ca6cja3bzj.com/product/tag/หินศิลาแลง,หินศิลาแลง - หินอ่อน.com | SIAM STONE แผ่นหินอ่อน หินแกรนิต : Inspired by LnwShop.com (v2),90,หินศิลาแลง รวมสินค้า | หินอ่อน.com,34,แผ่นหินอ่อน หินแกรนิต ตัดตามขนาด จาก SIAM STONE โทร 065-567-8989 และ 062-559-9000 อีเมล siamstonesale@gmail.com,111,ซ้ำกับหน้าอื่น,หินศิลาแลง จากSIAM STONE ศรีนครินทร์ กรุงเทพฯ ดูขนาด ราคาต่อหน่วย และข้อควรรู้ก่อนสั่ง สอบถามและขอตัวอย่างจริง โทร 065-567-8989,127,
https://www.xn--q3ca6cja3bzj.com/product/tag/หินอ่อน,หินอ่อน - หินอ่อน.com | SIAM STONE แผ่นหินอ่อน หินแกรนิต : Inspired by LnwShop.com (v2),87,หินอ่อน | หินอ่อน.com,21,แผ่นหินอ่อน หินแกรนิต ตัดตามขนาด จาก SIAM STONE โทร 065-567-8989 และ 062-559-9000 อีเมล siamstonesale@gmail.com,111,ซ้ำกับหน้าอื่น,หินอ่อน จากSIAM STONE ศรีนครินทร์ กรุงเทพฯ ดูขนาด ราคาต่อหน่วย และข้อควรรู้ก่อนสั่ง สอบถามและขอตัวอย่างจริง โทร 065-567-8989,124,
https://www.xn--q3ca6cja3bzj.com/product/tag/หินอ่อนขาวเทาสระบุรี,หินอ่อนขาวเทาสระบุรี - หินอ่อน.com | SIAM STONE แผ่นหินอ่อน หินแกรนิต : Inspired by LnwShop.com (v2),100,หินอ่อนขาวเทาสระบุรี | หินอ่อน.com,34,แผ่นหินอ่อน หินแกรนิต ตัดตามขนาด จาก SIAM STONE โทร 065-567-8989 และ 062-559-9000 อีเมล siamstonesale@gmail.com,111,ซ้ำกับหน้าอื่น,หินอ่อนขาวเทาสระบุรี จากSIAM STONE ศรีนครินทร์ กรุงเทพฯ ดูขนาด ราคาต่อหน่วย และข้อควรรู้ก่อนสั่ง สอบถามและขอตัวอย่างจริง โทร 065-567-8989,137,
https://www.xn--q3ca6cja3bzj.com/product/tag/หินอ่อนชมพูทับกวาง,หินอ่อนชมพูทับกวาง - หินอ่อน.com | SIAM STONE แผ่นหินอ่อน หินแกรนิต : Inspired by LnwShop.com (v2),98,หินอ่อนชมพูทับกวาง | หินอ่อน.com,32,แผ่นหินอ่อน หินแกรนิต ตัดตามขนาด จาก SIAM STONE โทร 065-567-8989 และ 062-559-9000 อีเมล siamstonesale@gmail.com,111,ซ้ำกับหน้าอื่น,หินอ่อนชมพูทับกวาง จากSIAM STONE ศรีนครินทร์ กรุงเทพฯ ดูขนาด ราคาต่อหน่วย และข้อควรรู้ก่อนสั่ง สอบถามและขอตัวอย่างจริง โทร 065-567-8989,135,
https://www.xn--q3ca6cja3bzj.com/product/tag/หินอ่อนดำ,หินอ่อนดำ - หินอ่อน.com | SIAM STONE แผ่นหินอ่อน หินแกรนิต : Inspired by LnwShop.com (v2),89,หินอ่อนดำ | หินอ่อน.com,23,แผ่นหินอ่อน หินแกรนิต ตัดตามขนาด จาก SIAM STONE โทร 065-567-8989 และ 062-559-9000 อีเมล siamstonesale@gmail.com,111,ซ้ำกับหน้าอื่น,หินอ่อนดำ จากSIAM STONE ศรีนครินทร์ กรุงเทพฯ ดูขนาด ราคาต่อหน่วย และข้อควรรู้ก่อนสั่ง สอบถามและขอตัวอย่างจริง โทร 065-567-8989,126,
https://www.xn--q3ca6cja3bzj.com/product/tag/หินอ่อนประเทศไทย,หินอ่อนประเทศไทย - หินอ่อน.com | SIAM STONE แผ่นหินอ่อน หินแกรนิต : Inspired by LnwShop.com (v2),96,หินอ่อนประเทศไทย | หินอ่อน.com,30,แผ่นหินอ่อน หินแกรนิต ตัดตามขนาด จาก SIAM STONE โทร 065-567-8989 และ 062-559-9000 อีเมล siamstonesale@gmail.com,111,ซ้ำกับหน้าอื่น,หินอ่อนประเทศไทย จากSIAM STONE ศรีนครินทร์ กรุงเทพฯ ดูขนาด ราคาต่อหน่วย และข้อควรรู้ก่อนสั่ง สอบถามและขอตัวอย่างจริง โทร 065-567-8989,133,
https://www.xn--q3ca6cja3bzj.com/product/tag/หินอ่อนปูผนัง,หินอ่อนปูผนัง - หินอ่อน.com | SIAM STONE แผ่นหินอ่อน หินแกรนิต : Inspired by LnwShop.com (v2),93,หินอ่อนปูผนัง | หินอ่อน.com,27,แผ่นหินอ่อน หินแกรนิต ตัดตามขนาด จาก SIAM STONE โทร 065-567-8989 และ 062-559-9000 อีเมล siamstonesale@gmail.com,111,ซ้ำกับหน้าอื่น,หินอ่อนปูผนัง จากSIAM STONE ศรีนครินทร์ กรุงเทพฯ ดูขนาด ราคาต่อหน่วย และข้อควรรู้ก่อนสั่ง สอบถามและขอตัวอย่างจริง โทร 065-567-8989,130,
https://www.xn--q3ca6cja3bzj.com/product/tag/หินอ่อนราคาถูก,หินอ่อนราคาถูก - หินอ่อน.com | SIAM STONE แผ่นหินอ่อน หินแกรนิต : Inspired by LnwShop.com (v2),94,หินอ่อนราคาถูก | หินอ่อน.com,28,แผ่นหินอ่อน หินแกรนิต ตัดตามขนาด จาก SIAM STONE โทร 065-567-8989 และ 062-559-9000 อีเมล siamstonesale@gmail.com,111,ซ้ำกับหน้าอื่น,หินอ่อนราคาถูก จากSIAM STONE ศรีนครินทร์ กรุงเทพฯ ดูขนาด ราคาต่อหน่วย และข้อควรรู้ก่อนสั่ง สอบถามและขอตัวอย่างจริง โทร 065-567-8989,131,
https://www.xn--q3ca6cja3bzj.com/product/tag/หินอ่อนสระว่ายน้ำ,หินอ่อนสระว่ายน้ำ - หินอ่อน.com | SIAM STONE แผ่นหินอ่อน หินแกรนิต : Inspired by LnwShop.com (v2),97,หินอ่อนสระว่ายน้ำ | หินอ่อน.com,31,แผ่นหินอ่อน หินแกรนิต ตัดตามขนาด จาก SIAM STONE โทร 065-567-8989 และ 062-559-9000 อีเมล siamstonesale@gmail.com,111,ซ้ำกับหน้าอื่น,หินอ่อนสระว่ายน้ำ จากSIAM STONE ศรีนครินทร์ กรุงเทพฯ ดูขนาด ราคาต่อหน่วย และข้อควรรู้ก่อนสั่ง สอบถามและขอตัวอย่างจริง โทร 065-567-8989,134,
https://www.xn--q3ca6cja3bzj.com/product/tag/หินแกรนิต,หินแกรนิต - หินอ่อน.com | SIAM STONE แผ่นหินอ่อน หินแกรนิต : Inspired by LnwShop.com (v2),89,หินแกรนิต | หินอ่อน.com,23,แผ่นหินอ่อน หินแกรนิต ตัดตามขนาด จาก SIAM STONE โทร 065-567-8989 และ 062-559-9000 อีเมล siamstonesale@gmail.com,111,ซ้ำกับหน้าอื่น,หินแกรนิต จากSIAM STONE ศรีนครินทร์ กรุงเทพฯ ดูขนาด ราคาต่อหน่วย และข้อควรรู้ก่อนสั่ง สอบถามและขอตัวอย่างจริง โทร 065-567-8989,126,
https://www.xn--q3ca6cja3bzj.com/product/tag/หินแกรนิตขาวไข่มุก,หินแกรนิตขาวไข่มุก - หินอ่อน.com | SIAM STONE แผ่นหินอ่อน หินแกรนิต : Inspired by LnwShop.com (v2),98,หินแกรนิตขาวไข่มุก | หินอ่อน.com,32,แผ่นหินอ่อน หินแกรนิต ตัดตามขนาด จาก SIAM STONE โทร 065-567-8989 และ 062-559-9000 อีเมล siamstonesale@gmail.com,111,ซ้ำกับหน้าอื่น,หินแกรนิตขาวไข่มุก จากSIAM STONE ศรีนครินทร์ กรุงเทพฯ ดูขนาด ราคาต่อหน่วย และข้อควรรู้ก่อนสั่ง สอบถามและขอตัวอย่างจริง โทร 065-567-8989,135,
https://www.xn--q3ca6cja3bzj.com/product/tag/หินแกรนิตดำ,หินแกรนิตดำ - หินอ่อน.com | SIAM STONE แผ่นหินอ่อน หินแกรนิต : Inspired by LnwShop.com (v2),91,หินแกรนิตดำ | หินอ่อน.com,25,แผ่นหินอ่อน หินแกรนิต ตัดตามขนาด จาก SIAM STONE โทร 065-567-8989 และ 062-559-9000 อีเมล siamstonesale@gmail.com,111,ซ้ำกับหน้าอื่น,หินแกรนิตดำ จากSIAM STONE ศรีนครินทร์ กรุงเทพฯ ดูขนาด ราคาต่อหน่วย และข้อควรรู้ก่อนสั่ง สอบถามและขอตัวอย่างจริง โทร 065-567-8989,128,
https://www.xn--q3ca6cja3bzj.com/product/tag/หินแกรนิตดำจีน,หินแกรนิตดำจีน - หินอ่อน.com | SIAM STONE แผ่นหินอ่อน หินแกรนิต : Inspired by LnwShop.com (v2),94,หินแกรนิตดำจีน | หินอ่อน.com,28,แผ่นหินอ่อน หินแกรนิต ตัดตามขนาด จาก SIAM STONE โทร 065-567-8989 และ 062-559-9000 อีเมล siamstonesale@gmail.com,111,ซ้ำกับหน้าอื่น,หินแกรนิตดำจีน จากSIAM STONE ศรีนครินทร์ กรุงเทพฯ ดูขนาด ราคาต่อหน่วย และข้อควรรู้ก่อนสั่ง สอบถามและขอตัวอย่างจริง โทร 065-567-8989,131,
https://www.xn--q3ca6cja3bzj.com/product/tag/หินแกรนิตดำอินเดีย,หินแกรนิตดำอินเดีย - หินอ่อน.com | SIAM STONE แผ่นหินอ่อน หินแกรนิต : Inspired by LnwShop.com (v2),98,หินแกรนิตดำอินเดีย | หินอ่อน.com,32,แผ่นหินอ่อน หินแกรนิต ตัดตามขนาด จาก SIAM STONE โทร 065-567-8989 และ 062-559-9000 อีเมล siamstonesale@gmail.com,111,ซ้ำกับหน้าอื่น,หินแกรนิตดำอินเดีย จากSIAM STONE ศรีนครินทร์ กรุงเทพฯ ดูขนาด ราคาต่อหน่วย และข้อควรรู้ก่อนสั่ง สอบถามและขอตัวอย่างจริง โทร 065-567-8989,135,
https://www.xn--q3ca6cja3bzj.com/product/tag/หินแกรนิตปูพื้น,หินแกรนิตปูพื้น - หินอ่อน.com | SIAM STONE แผ่นหินอ่อน หินแกรนิต : Inspired by LnwShop.com (v2),95,หินแกรนิตปูพื้น | หินอ่อน.com,29,แผ่นหินอ่อน หินแกรนิต ตัดตามขนาด จาก SIAM STONE โทร 065-567-8989 และ 062-559-9000 อีเมล siamstonesale@gmail.com,111,ซ้ำกับหน้าอื่น,หินแกรนิตปูพื้น จากSIAM STONE ศรีนครินทร์ กรุงเทพฯ ดูขนาด ราคาต่อหน่วย และข้อควรรู้ก่อนสั่ง สอบถามและขอตัวอย่างจริง โทร 065-567-8989,132,
https://www.xn--q3ca6cja3bzj.com/product/tag/หินแกรนิตไวท์เพิร์ล,หินแกรนิตไวท์เพิร์ล - หินอ่อน.com | SIAM STONE แผ่นหินอ่อน หินแกรนิต : Inspired by LnwShop.com (v2),99,หินแกรนิตไวท์เพิร์ล | หินอ่อน.com,33,แผ่นหินอ่อน หินแกรนิต ตัดตามขนาด จาก SIAM STONE โทร 065-567-8989 และ 062-559-9000 อีเมล siamstonesale@gmail.com,111,ซ้ำกับหน้าอื่น,หินแกรนิตไวท์เพิร์ล จากSIAM STONE ศรีนครินทร์ กรุงเทพฯ ดูขนาด ราคาต่อหน่วย และข้อควรรู้ก่อนสั่ง สอบถามและขอตัวอย่างจริง โทร 065-567-8989,136,
https://www.xn--q3ca6cja3bzj.com/product/tag/หินแต่งสวน,หินแต่งสวน - หินอ่อน.com | SIAM STONE แผ่นหินอ่อน หินแกรนิต : Inspired by LnwShop.com (v2),90,หินแต่งสวน | หินอ่อน.com,24,แผ่นหินอ่อน หินแกรนิต ตัดตามขนาด จาก SIAM STONE โทร 065-567-8989 และ 062-559-9000 อีเมล siamstonesale@gmail.com,111,ซ้ำกับหน้าอื่น,หินแต่งสวน จากSIAM STONE ศรีนครินทร์ กรุงเทพฯ ดูขนาด ราคาต่อหน่วย และข้อควรรู้ก่อนสั่ง สอบถามและขอตัวอย่างจริง โทร 065-567-8989,127,
https://www.xn--q3ca6cja3bzj.com/product/tag/หินแผ่น,หินแผ่น - หินอ่อน.com | SIAM STONE แผ่นหินอ่อน หินแกรนิต : Inspired by LnwShop.com (v2),87,หินแผ่น | หินอ่อน.com,21,แผ่นหินอ่อน หินแกรนิต ตัดตามขนาด จาก SIAM STONE โทร 065-567-8989 และ 062-559-9000 อีเมล siamstonesale@gmail.com,111,ซ้ำกับหน้าอื่น,หินแผ่น จากSIAM STONE ศรีนครินทร์ กรุงเทพฯ ดูขนาด ราคาต่อหน่วย และข้อควรรู้ก่อนสั่ง สอบถามและขอตัวอย่างจริง โทร 065-567-8989,124,
https://www.xn--q3ca6cja3bzj.com/product/tag/หินโรยสวน,หินโรยสวน - หินอ่อน.com | SIAM STONE แผ่นหินอ่อน หินแกรนิต : Inspired by LnwShop.com (v2),89,หินโรยสวน | หินอ่อน.com,23,แผ่นหินอ่อน หินแกรนิต ตัดตามขนาด จาก SIAM STONE โทร 065-567-8989 และ 062-559-9000 อีเมล siamstonesale@gmail.com,111,ซ้ำกับหน้าอื่น,หินโรยสวน จากSIAM STONE ศรีนครินทร์ กรุงเทพฯ ดูขนาด ราคาต่อหน่วย และข้อควรรู้ก่อนสั่ง สอบถามและขอตัวอย่างจริง โทร 065-567-8989,126,
https://www.xn--q3ca6cja3bzj.com/product/tag/อุปกรณ์ตกแต่ง,อุปกรณ์ตกแต่ง - หินอ่อน.com | SIAM STONE แผ่นหินอ่อน หินแกรนิต : Inspired by LnwShop.com (v2),93,อุปกรณ์ตกแต่ง | หินอ่อน.com,27,แผ่นหินอ่อน หินแกรนิต ตัดตามขนาด จาก SIAM STONE โทร 065-567-8989 และ 062-559-9000 อีเมล siamstonesale@gmail.com,111,ซ้ำกับหน้าอื่น,อุปกรณ์ตกแต่ง จากSIAM STONE ศรีนครินทร์ กรุงเทพฯ ดูขนาด ราคาต่อหน่วย และข้อควรรู้ก่อนสั่ง สอบถามและขอตัวอย่างจริง โทร 065-567-8989,130,
https://www.xn--q3ca6cja3bzj.com/product/tag/เสาหินอ่อน,เสาหินอ่อน - หินอ่อน.com | SIAM STONE แผ่นหินอ่อน หินแกรนิต : Inspired by LnwShop.com (v2),90,เสาหินอ่อน | หินอ่อน.com,24,แผ่นหินอ่อน หินแกรนิต ตัดตามขนาด จาก SIAM STONE โทร 065-567-8989 และ 062-559-9000 อีเมล siamstonesale@gmail.com,111,ซ้ำกับหน้าอื่น,เสาหินอ่อน จากSIAM STONE ศรีนครินทร์ กรุงเทพฯ ดูขนาด ราคาต่อหน่วย และข้อควรรู้ก่อนสั่ง สอบถามและขอตัวอย่างจริง โทร 065-567-8989,127,
https://www.xn--q3ca6cja3bzj.com/product/tag/เสาโชว์หินอ่อน,เสาโชว์หินอ่อน - หินอ่อน.com | SIAM STONE แผ่นหินอ่อน หินแกรนิต : Inspired by LnwShop.com (v2),94,เสาโชว์หินอ่อน | หินอ่อน.com,28,แผ่นหินอ่อน หินแกรนิต ตัดตามขนาด จาก SIAM STONE โทร 065-567-8989 และ 062-559-9000 อีเมล siamstonesale@gmail.com,111,ซ้ำกับหน้าอื่น,เสาโชว์หินอ่อน จากSIAM STONE ศรีนครินทร์ กรุงเทพฯ ดูขนาด ราคาต่อหน่วย และข้อควรรู้ก่อนสั่ง สอบถามและขอตัวอย่างจริง โทร 065-567-8989,131,
https://www.xn--q3ca6cja3bzj.com/product/tag/แกรนิต,แกรนิต - หินอ่อน.com | SIAM STONE แผ่นหินอ่อน หินแกรนิต : Inspired by LnwShop.com (v2),86,แกรนิต | หินอ่อน.com,20,แผ่นหินอ่อน หินแกรนิต ตัดตามขนาด จาก SIAM STONE โทร 065-567-8989 และ 062-559-9000 อีเมล siamstonesale@gmail.com,111,ซ้ำกับหน้าอื่น,แกรนิต จากSIAM STONE ศรีนครินทร์ กรุงเทพฯ ดูขนาด ราคาต่อหน่วย และข้อควรรู้ก่อนสั่ง สอบถามและขอตัวอย่างจริง โทร 065-567-8989,123,
https://www.xn--q3ca6cja3bzj.com/product/tag/แบล็คมาคิวน่า,แบล็คมาคิวน่า - หินอ่อน.com | SIAM STONE แผ่นหินอ่อน หินแกรนิต : Inspired by LnwShop.com (v2),93,แบล็คมาคิวน่า | หินอ่อน.com,27,แผ่นหินอ่อน หินแกรนิต ตัดตามขนาด จาก SIAM STONE โทร 065-567-8989 และ 062-559-9000 อีเมล siamstonesale@gmail.com,111,ซ้ำกับหน้าอื่น,แบล็คมาคิวน่า จากSIAM STONE ศรีนครินทร์ กรุงเทพฯ ดูขนาด ราคาต่อหน่วย และข้อควรรู้ก่อนสั่ง สอบถามและขอตัวอย่างจริง โทร 065-567-8989,130,
https://www.xn--q3ca6cja3bzj.com/showroom/hot,สินค้าขายดี - หินอ่อน.com | SIAM STONE แผ่นหินอ่อน หินแกรนิต : Inspired by LnwShop.com (v2),91,สินค้าขายดี | หินอ่อน.com,25,แผ่นหินอ่อน หินแกรนิต ตัดตามขนาด จาก SIAM STONE โทร 065-567-8989 และ 062-559-9000 อีเมล siamstonesale@gmail.com,111,ซ้ำกับหน้าอื่น,ผลงานยอดนิยม — ผลงานจริงที่ใช้หินอ่อน หินแกรนิต และศิลาแลงจากSIAM STONE ศรีนครินทร์ กรุงเทพฯ ดูรูปหน้างานจริงก่อนตัดสินใจ,121,
https://www.xn--q3ca6cja3bzj.com/showroom/new,สินค้ามาใหม่ - หินอ่อน.com | SIAM STONE แผ่นหินอ่อน หินแกรนิต : Inspired by LnwShop.com (v2),92,สินค้ามาใหม่ | หินอ่อน.com,26,แผ่นหินอ่อน หินแกรนิต ตัดตามขนาด จาก SIAM STONE โทร 065-567-8989 และ 062-559-9000 อีเมล siamstonesale@gmail.com,111,ซ้ำกับหน้าอื่น,ผลงานล่าสุด — ผลงานจริงที่ใช้หินอ่อน หินแกรนิต และศิลาแลงจากSIAM STONE ศรีนครินทร์ กรุงเทพฯ ดูรูปหน้างานจริงก่อนตัดสินใจ,120,
https://www.xn--q3ca6cja3bzj.com/showroom/recommend,สินค้าแนะนำ - หินอ่อน.com | SIAM STONE แผ่นหินอ่อน หินแกรนิต : Inspired by LnwShop.com (v2),91,สินค้าแนะนำ | หินอ่อน.com,25,แผ่นหินอ่อน หินแกรนิต ตัดตามขนาด จาก SIAM STONE โทร 065-567-8989 และ 062-559-9000 อีเมล siamstonesale@gmail.com,111,ซ้ำกับหน้าอื่น,ผลงานแนะนำ — ผลงานจริงที่ใช้หินอ่อน หินแกรนิต และศิลาแลงจากSIAM STONE ศรีนครินทร์ กรุงเทพฯ ดูรูปหน้างานจริงก่อนตัดสินใจ,119,
https://www.xn--q3ca6cja3bzj.com/showroom/sale,สินค้าลดราคา - หินอ่อน.com | SIAM STONE แผ่นหินอ่อน หินแกรนิต : Inspired by LnwShop.com (v2),92,สินค้าลดราคา | หินอ่อน.com,26,แผ่นหินอ่อน หินแกรนิต ตัดตามขนาด จาก SIAM STONE โทร 065-567-8989 และ 062-559-9000 อีเมล siamstonesale@gmail.com,111,ซ้ำกับหน้าอื่น,สินค้าลดราคา — ผลงานจริงที่ใช้หินอ่อน หินแกรนิต และศิลาแลงจากSIAM STONE ศรีนครินทร์ กรุงเทพฯ ดูรูปหน้างานจริงก่อนตัดสินใจ,121,
